norm,run,cooperation,fairness,strategies
0,1,0.1150042,0.3869642228470313,"[13, 8, 13, 8, 10, 8, 8, 8, 13, 8, 8, 8, 8, 8, 13, 8, 8, 13, 8, 13, 8, 8, 8, 8, 8, 8, 13, 8, 13, 8, 13, 8, 8, 8, 8, 8, 8, 8, 13, 13, 8, 13, 13, 8, 13, 13, 13, 8, 8, 13]"
0,2,0.0456716,0.36382831465555593,"[12, 12, 12, 8, 5, 12, 12, 8, 12, 12, 12, 12, 12, 12, 12, 12, 12, 5, 12, 12, 12, 12, 12, 12, 5, 8, 8, 12, 5, 12, 12, 8, 12, 12, 5, 12, 12, 12, 12, 12, 12, 12, 12, 12, 12, 12, 8, 12, 12, 5]"
0,3,0.020602,0.10874861919200973,"[4, 4, 4, 4, 4, 4, 4, 4, 4, 13, 4, 4, 4, 13, 4, 4, 13, 12, 4, 4, 4, 4, 4, 4, 4, 4, 4, 4, 4, 13, 4, 4, 4, 4, 4, 4, 12, 4, 4, 4, 4, 4, 8, 4, 4, 4, 4, 4, 4, 4]"
0,4,0.1352264,0.6271104933776228,"[0, 0, 8, 0, 10, 8, 7, 0, 0, 0, 0, 9, 9, 1, 1, 12, 9, 8, 14, 12, 12, 0, 12, 0, 1, 12, 0, 0, 0, 7, 0, 12, 10, 0, 8, 12, 0, 12, 0, 12, 12, 0, 10, 8, 0, 0, 10, 8, 12, 0]"
0,5,0.0561602,0.9737340154125581,"[8, 8, 8, 8, 8, 8, 8, 8, 13, 8, 8, 8, 8, 8, 8, 8, 8, 8, 8, 8, 8, 8, 2, 8, 8, 8, 8, 8, 8, 8, 8, 8, 8, 8, 8, 8, 8, 8, 8, 8, 13, 2, 8, 8, 8, 8, 8, 8, 8, 8]"
0,6,0.158848,0.574670998974867,"[0, 0, 0, 10, 0, 14, 8, 0, 0, 0, 0, 0, 8, 3, 1, 0, 0, 0, 0, 0, 0, 10, 0, 10, 0, 0, 3, 0, 0, 0, 0, 6, 0, 0, 0, 0, 1, 0, 0, 0, 0, 0, 0, 0, 0, 3, 0, 0, 0, 0]"
0,7,0.0101782,0.9664716275765041,"[0, 0, 0, 0, 0, 0, 0, 0, 0, 0, 0, 0, 0, 0, 0, 0, 0, 0, 0, 0, 0, 0, 0, 0, 0, 0, 0, 0, 12, 0, 0, 0, 0, 0, 0, 0, 0, 0, 0, 0, 0, 0, 0, 0, 0, 0, 0, 0, 0, 0]"
0,8,0.0198314,0.5670570408316027,"[8, 8, 8, 8, 8, 8, 8, 8, 8, 8, 8, 8, 8, 8, 8, 8, 8, 8, 8, 8, 8, 8, 8, 8, 8, 8, 8, 8, 5, 8, 8, 8, 8, 8, 8, 8, 8, 8, 8, 8, 8, 8, 8, 8, 8, 8, 8, 8, 8, 8]"
0,9,0.1113528,0.9305017230559195,"[12, 12, 12, 11, 12, 7, 12, 12, 12, 12, 12, 12, 12, 4, 12, 4, 12, 12, 12, 12, 12, 12, 4, 4, 12, 4, 12, 12, 12, 12, 4, 7, 12, 12, 4, 7, 6, 12, 12, 4, 4, 12, 12, 4, 4, 12, 12, 12, 12, 12]"
0,10,0.0342542,0.9308037087281648,"[12, 0, 12, 12, 12, 12, 12, 0, 12, 0, 12, 0, 12, 12, 12, 0, 12, 0, 0, 12, 3, 12, 12, 0, 0, 0, 0, 12, 12, 0, 0, 12, 0, 12, 12, 0, 0, 12, 0, 0, 0, 0, 12, 12, 0, 12, 12, 12, 0, 0]"
0,11,0.0196038,0.9669566620106098,"[12, 12, 12, 12, 12, 12, 12, 12, 12, 12, 12, 12, 12, 12, 12, 12, 12, 12, 12, 12, 12, 12, 12, 12, 12, 12, 12, 12, 12, 12, 12, 12, 12, 12, 12, 12, 12, 12, 12, 12, 12, 12, 12, 12, 12, 12, 12, 12, 12, 12]"
0,12,0.0100918,0.9953999207641855,"[0, 0, 0, 0, 0, 0, 0, 0, 0, 0, 0, 0, 0, 0, 0, 0, 0, 0, 0, 0, 0, 0, 0, 0, 0, 0, 0, 0, 0, 0, 0, 0, 0, 0, 0, 0, 0, 0, 0, 0, 0, 0, 0, 0, 0, 0, 0, 0, 0, 0]"
0,13,0.0249564,0.1764984578963314,"[8, 8, 8, 8, 8, 8, 8, 8, 8, 8, 8, 8, 1, 8, 8, 8, 8, 8, 8, 8, 8, 8, 8, 8, 8, 8, 8, 8, 8, 8, 8, 8, 8, 8, 8, 8, 5, 8, 8, 1, 8, 8, 5, 8, 8, 8, 8, 8, 8, 8]"
0,14,0.0128448,0.6338431875944055,"[4, 4, 4, 4, 4, 4, 12, 4, 4, 4, 4, 4, 4, 4, 4, 4, 4, 4, 4, 4, 4, 4, 12, 12, 4, 4, 4, 4, 4, 4, 4, 4, 4, 4, 4, 4, 4, 4, 4, 12, 12, 12, 4, 4, 4, 12, 4, 12, 4, 4]"
0,15,0.054287,0.34561620218212236,"[12, 12, 12, 12, 12, 12, 12, 12, 12, 12, 12, 10, 12, 12, 12, 12, 12, 12, 12, 12, 12, 12, 12, 12, 12, 12, 12, 12, 12, 12, 12, 12, 12, 12, 12, 14, 12, 12, 12, 12, 12, 12, 12, 12, 12, 12, 12, 12, 12, 12]"
0,16,0.0478754,0.1489317555449095,"[0, 0, 0, 5, 0, 0, 0, 0, 0, 0, 0, 0, 0, 0, 0, 0, 0, 1, 0, 0, 9, 0, 0, 0, 0, 0, 0, 9, 9, 9, 0, 9, 1, 0, 12, 0, 9, 0, 0, 5, 0, 0, 0, 0, 0, 0, 0, 0, 0, 5]"
0,17,0.063822,0.23585272751245334,"[6, 0, 4, 4, 4, 0, 0, 4, 4, 4, 8, 14, 4, 4, 4, 4, 0, 0, 4, 4, 4, 4, 0, 10, 4, 4, 4, 4, 4, 4, 4, 4, 4, 4, 8, 0, 0, 0, 4, 4, 4, 0, 4, 4, 0, 0, 4, 0, 4, 4]"
0,18,0.0367842,0.017689017591562443,"[12, 12, 12, 12, 12, 12, 12, 12, 12, 12, 12, 12, 12, 12, 12, 12, 12, 12, 12, 12, 12, 12, 12, 12, 12, 12, 12, 12, 12, 12, 12, 12, 12, 12, 12, 12, 12, 12, 12, 12, 12, 12, 12, 12, 12, 12, 12, 12, 12, 1]"
0,19,0.0650672,0.33325380966191365,"[8, 0, 7, 8, 0, 12, 13, 8, 8, 8, 12, 8, 8, 8, 8, 8, 8, 8, 0, 8, 8, 8, 13, 8, 8, 8, 8, 8, 8, 8, 8, 8, 8, 8, 8, 0, 5, 13, 8, 8, 13, 8, 8, 15, 8, 8, 8, 8, 8, 8]"
0,20,0.089444,0.8557068122689684,"[4, 11, 0, 4, 4, 4, 4, 0, 4, 4, 4, 4, 4, 4, 4, 4, 4, 4, 4, 4, 4, 4, 0, 4, 4, 4, 4, 4, 11, 4, 4, 4, 4, 12, 4, 4, 4, 4, 10, 11, 0, 4, 4, 13, 4, 4, 4, 4, 4, 4]"
0,21,0.0697014,0.8799904825823675,"[4, 0, 12, 0, 0, 0, 0, 0, 0, 0, 0, 0, 5, 7, 0, 0, 4, 0, 12, 0, 4, 4, 4, 14, 12, 0, 0, 12, 0, 0, 14, 0, 4, 5, 0, 0, 8, 4, 4, 0, 4, 0, 4, 0, 0, 0, 0, 4, 12, 0]"
0,22,0.102143,0.3273244178527268,"[0, 0, 12, 0, 4, 12, 4, 6, 4, 0, 2, 0, 12, 0, 4, 4, 4, 12, 12, 2, 0, 12, 4, 14, 4, 4, 0, 12, 12, 4, 0, 0, 12, 4, 4, 0, 4, 12, 12, 12, 12, 0, 14, 4, 4, 0, 4, 12, 0, 14]"
0,23,0.0848976,0.3943334366610002,"[8, 8, 12, 8, 8, 11, 8, 8, 8, 5, 8, 8, 5, 4, 8, 8, 8, 8, 5, 8, 8, 8, 8, 11, 11, 8, 12, 12, 8, 12, 8, 8, 8, 5, 12, 12, 8, 8, 8, 12, 12, 12, 8, 12, 5, 8, 8, 12, 8, 8]"
0,24,0.0191782,0.8802753746522518,"[12, 12, 12, 12, 12, 12, 12, 12, 8, 8, 12, 12, 12, 12, 8, 12, 12, 0, 12, 12, 8, 12, 12, 12, 8, 12, 12, 8, 8, 8, 0, 12, 12, 8, 12, 12, 12, 8, 12, 12, 12, 12, 12, 12, 12, 12, 12, 12, 12, 12]"
0,25,0.0564854,0.537896279915647,"[8, 8, 8, 8, 8, 8, 8, 8, 8, 7, 8, 8, 8, 8, 8, 8, 8, 8, 8, 8, 8, 8, 8, 8, 8, 8, 8, 8, 8, 8, 8, 8, 8, 8, 8, 8, 8, 8, 8, 8, 8, 8, 8, 8, 8, 8, 8, 8, 8, 15]"
0,26,0.0721928,0.5235856108865234,"[12, 12, 2, 12, 12, 2, 12, 12, 12, 12, 12, 2, 12, 12, 12, 12, 12, 12, 12, 12, 8, 12, 12, 8, 12, 12, 12, 12, 12, 12, 12, 8, 12, 12, 12, 12, 12, 12, 12, 12, 1, 12, 12, 12, 12, 12, 8, 12, 8, 12]"
0,27,0.0268106,0.173623383366374,"[12, 12, 5, 12, 12, 12, 12, 12, 12, 12, 12, 12, 12, 12, 12, 12, 12, 12, 12, 12, 12, 12, 12, 12, 12, 12, 12, 12, 12, 12, 12, 5, 12, 12, 12, 12, 12, 12, 12, 12, 1, 5, 12, 12, 12, 12, 12, 12, 12, 12]"
0,28,0.04681,0.2555143059536925,"[8, 12, 1, 1, 8, 8, 12, 8, 9, 12, 8, 8, 12, 8, 9, 12, 12, 8, 8, 8, 12, 14, 8, 8, 8, 12, 8, 8, 8, 8, 8, 8, 8, 12, 12, 12, 9, 12, 8, 8, 8, 12, 12, 9, 8, 12, 8, 8, 8, 8]"
0,29,0.0511788,0.9383788961481342,"[8, 0, 0, 14, 0, 0, 4, 0, 12, 12, 0, 9, 4, 0, 4, 0, 4, 4, 0, 8, 14, 0, 0, 0, 0, 0, 0, 0, 4, 12, 0, 0, 4, 4, 0, 12, 4, 0, 0, 8, 8, 0, 0, 0, 12, 14, 12, 0, 0, 8]"
0,30,0.100921,0.47311516723301855,"[4, 1, 4, 1, 4, 1, 4, 12, 4, 12, 4, 12, 12, 4, 4, 4, 3, 13, 4, 4, 4, 4, 4, 12, 1, 1, 4, 4, 4, 1, 4, 4, 4, 4, 14, 1, 4, 12, 4, 4, 4, 4, 4, 1, 4, 4, 4, 1, 1, 4]"
0,31,0.0162844,0.23391783128377672,"[0, 0, 5, 8, 8, 0, 8, 0, 0, 0, 0, 8, 0, 0, 0, 0, 8, 0, 0, 0, 9, 0, 0, 8, 0, 0, 0, 0, 8, 0, 0, 0, 0, 8, 0, 0, 8, 8, 0, 0, 0, 0, 8, 8, 8, 0, 0, 0, 0, 0]"
0,32,0.0691236,0.14586040822567084,"[8, 8, 8, 8, 8, 8, 8, 8, 8, 8, 8, 8, 8, 8, 8, 8, 8, 8, 8, 8, 8, 8, 8, 8, 8, 8, 6, 8, 8, 8, 8, 8, 8, 2, 8, 8, 2, 8, 8, 8, 8, 8, 8, 8, 8, 8, 8, 8, 8, 8]"
0,33,0.0368182,0.5183074928555425,"[12, 12, 12, 12, 12, 12, 12, 12, 12, 12, 12, 12, 12, 12, 12, 12, 12, 12, 12, 12, 12, 12, 12, 12, 12, 12, 12, 12, 12, 12, 12, 12, 12, 12, 12, 12, 12, 12, 12, 12, 12, 14, 12, 12, 12, 12, 12, 12, 12, 12]"
0,34,0.0145622,0.39268408003228966,"[0, 0, 8, 8, 0, 0, 8, 0, 0, 8, 8, 0, 0, 0, 8, 0, 0, 8, 8, 0, 0, 0, 0, 8, 0, 0, 8, 0, 8, 8, 9, 0, 8, 0, 0, 0, 0, 0, 0, 0, 8, 0, 0, 0, 0, 0, 0, 8, 8, 0]"
0,35,0.0448544,0.20396530811392508,"[10, 0, 0, 0, 0, 0, 0, 0, 0, 0, 0, 0, 0, 0, 0, 0, 0, 0, 0, 0, 0, 0, 0, 0, 0, 0, 0, 0, 0, 0, 0, 0, 0, 10, 0, 0, 0, 0, 0, 0, 0, 0, 0, 0, 0, 0, 0, 0, 0, 0]"
0,36,0.0271118,0.14181493042533821,"[12, 8, 8, 8, 13, 8, 8, 8, 13, 8, 8, 8, 8, 8, 8, 8, 8, 1, 8, 8, 8, 12, 12, 12, 8, 8, 8, 8, 8, 8, 8, 8, 8, 8, 8, 1, 1, 8, 8, 8, 8, 8, 8, 8, 8, 8, 8, 8, 8, 8]"
0,37,0.0542432,0.6924085238897036,"[0, 8, 0, 8, 12, 0, 8, 8, 8, 0, 10, 8, 12, 13, 13, 8, 0, 0, 0, 0, 0, 10, 0, 1, 0, 8, 8, 0, 0, 0, 0, 0, 0, 8, 8, 8, 0, 0, 0, 8, 8, 0, 12, 0, 0, 12, 0, 8, 0, 0]"
0,38,0.1098046,0.7610032089144317,"[14, 0, 0, 0, 0, 0, 0, 0, 13, 0, 13, 13, 0, 0, 0, 14, 0, 0, 0, 0, 0, 15, 0, 0, 0, 0, 0, 13, 0, 0, 2, 0, 0, 0, 0, 0, 0, 0, 14, 13, 0, 0, 0, 0, 0, 0, 0, 0, 0, 0]"
0,39,0.074973,0.541502019756058,"[12, 12, 12, 9, 12, 12, 12, 12, 12, 12, 12, 12, 12, 14, 0, 12, 12, 12, 12, 12, 12, 12, 0, 12, 12, 12, 12, 9, 12, 12, 12, 12, 12, 12, 12, 12, 12, 12, 12, 12, 14, 12, 12, 12, 12, 12, 12, 9, 12, 12]"
0,40,0.0857062,0.1306633256058588,"[8, 8, 8, 8, 8, 8, 8, 0, 8, 4, 8, 8, 8, 8, 8, 6, 8, 4, 6, 8, 8, 8, 8, 8, 8, 4, 4, 8, 8, 8, 8, 8, 8, 8, 8, 8, 8, 8, 6, 8, 8, 8, 2, 8, 8, 8, 8, 8, 8, 8]"
0,41,0.0419272,0.3714497050500586,"[7, 8, 8, 8, 8, 8, 8, 8, 8, 8, 8, 8, 8, 8, 8, 1, 8, 8, 8, 8, 8, 8, 8, 8, 8, 8, 8, 8, 8, 8, 8, 8, 8, 8, 1, 8, 8, 8, 1, 8, 8, 8, 8, 0, 8, 8, 8, 8, 8, 8]"
0,42,0.023141,0.06521954105551339,"[4, 4, 4, 4, 5, 4, 4, 4, 4, 5, 4, 4, 4, 4, 4, 4, 4, 4, 4, 4, 4, 0, 0, 4, 4, 5, 4, 0, 5, 5, 4, 4, 4, 4, 4, 4, 4, 4, 4, 4, 4, 5, 4, 4, 4, 4, 4, 4, 4, 4]"
0,43,0.1333524,0.8074507369180288,"[8, 8, 8, 8, 0, 0, 8, 8, 3, 3, 8, 11, 4, 8, 8, 8, 8, 0, 12, 5, 8, 15, 11, 4, 8, 4, 0, 8, 8, 4, 8, 8, 11, 0, 8, 0, 8, 8, 8, 8, 8, 8, 8, 8, 8, 8, 8, 8, 8, 4]"
0,44,0.221486,0.18909377303636427,"[13, 13, 13, 13, 13, 13, 13, 13, 13, 13, 13, 13, 11, 13, 13, 13, 13, 13, 13, 13, 11, 13, 13, 13, 13, 13, 13, 13, 8, 13, 13, 13, 13, 13, 8, 13, 13, 8, 13, 13, 13, 13, 13, 13, 13, 13, 13, 13, 13, 13]"
0,45,0.0118862,0.6144623911902233,"[4, 4, 4, 4, 4, 4, 0, 4, 4, 0, 4, 0, 4, 4, 4, 4, 4, 4, 4, 4, 4, 4, 4, 4, 4, 4, 4, 4, 4, 12, 4, 4, 4, 4, 4, 4, 4, 4, 4, 4, 4, 4, 4, 4, 4, 4, 4, 4, 4, 4]"
0,46,0.1053126,0.7212339782307244,"[12, 0, 0, 0, 0, 0, 0, 15, 0, 0, 0, 0, 0, 0, 0, 0, 0, 0, 0, 0, 3, 0, 0, 0, 0, 12, 0, 3, 0, 0, 0, 0, 0, 0, 0, 0, 0, 0, 0, 0, 0, 0, 0, 0, 15, 5, 0, 0, 0, 12]"
0,47,0.033494,0.5134856254856255,"[4, 0, 4, 4, 4, 4, 4, 4, 4, 9, 4, 4, 0, 4, 4, 4, 4, 0, 11, 4, 12, 4, 4, 4, 0, 4, 12, 4, 4, 12, 4, 4, 4, 4, 4, 4, 4, 4, 4, 12, 4, 4, 4, 4, 4, 4, 4, 4, 0, 4]"
0,48,0.039152,0.7018288195381694,"[1, 8, 8, 8, 8, 8, 8, 8, 8, 8, 8, 8, 8, 8, 8, 8, 8, 8, 8, 8, 8, 8, 8, 8, 8, 8, 8, 8, 8, 8, 8, 8, 8, 8, 8, 15, 8, 8, 8, 8, 8, 8, 8, 8, 8, 8, 8, 8, 8, 12]"
0,49,0.018352,0.9923172610434362,"[12, 12, 12, 12, 8, 12, 12, 12, 12, 0, 12, 12, 12, 12, 12, 12, 12, 8, 12, 8, 12, 12, 12, 12, 12, 4, 12, 12, 12, 0, 12, 12, 12, 12, 4, 4, 12, 12, 4, 12, 12, 12, 12, 12, 8, 8, 12, 12, 12, 12]"
0,50,0.0214984,0.3339774370469133,"[8, 8, 8, 8, 8, 8, 8, 1, 8, 8, 8, 8, 8, 8, 1, 8, 8, 8, 8, 8, 8, 8, 8, 8, 8, 8, 8, 8, 8, 8, 8, 8, 8, 8, 8, 8, 8, 8, 8, 8, 8, 8, 8, 8, 8, 8, 8, 8, 8, 8]"
150,1,0.8204632,0.34291405317264084,"[7, 6, 6, 14, 10, 6, 6, 6, 14, 6, 6, 14, 14, 7, 6, 6, 6, 6, 6, 6, 14, 6, 7, 6, 6, 14, 6, 14, 6, 6, 6, 6, 14, 6, 6, 6, 14, 6, 14, 14, 6, 6, 6, 14, 6, 14, 6, 7, 6, 6]"
150,2,0.7861944,0.14354320156864897,"[10, 6, 6, 2, 10, 6, 10, 10, 6, 6, 6, 6, 2, 10, 6, 6, 2, 10, 6, 6, 6, 6, 2, 6, 6, 10, 2, 6, 10, 6, 2, 2, 6, 6, 6, 2, 6, 6, 6, 6, 6, 2, 6, 6, 2, 6, 10, 6, 6, 10]"
150,3,0.7878394,0.48045515104551684,"[9, 9, 9, 9, 9, 9, 9, 9, 9, 9, 9, 9, 13, 9, 9, 9, 9, 9, 9, 5, 9, 9, 9, 9, 9, 9, 9, 9, 9, 9, 9, 9, 9, 9, 9, 9, 9, 9, 9, 9, 9, 5, 9, 9, 9, 5, 9, 9, 9, 5]"
150,4,0.8205182,0.5388728091240699,"[6, 6, 6, 6, 6, 6, 7, 6, 6, 6, 6, 6, 9, 6, 6, 6, 6, 6, 14, 6, 6, 6, 6, 6, 6, 6, 6, 6, 6, 7, 6, 6, 6, 6, 15, 6, 6, 6, 6, 6, 15, 6, 6, 15, 6, 6, 15, 6, 15, 6]"
150,5,0.7590296,0.2400906939072215,"[6, 6, 6, 6, 6, 6, 6, 6, 2, 6, 6, 6, 6, 6, 6, 6, 6, 6, 6, 7, 2, 6, 2, 6, 6, 6, 6, 6, 6, 6, 6, 6, 6, 6, 6, 6, 6, 6, 6, 6, 13, 6, 7, 6, 6, 6, 2, 2, 6, 6]"
150,6,0.7488646,0.15354966431067038,"[2, 2, 2, 2, 2, 14, 8, 14, 2, 7, 2, 2, 2, 2, 2, 2, 2, 2, 2, 2, 2, 2, 2, 2, 2, 2, 2, 2, 2, 2, 2, 2, 2, 2, 2, 14, 2, 2, 2, 2, 10, 2, 2, 2, 2, 2, 2, 2, 2, 2]"
150,7,0.747744,0.1262118543049052,"[8, 8, 8, 8, 8, 8, 8, 8, 8, 8, 8, 8, 8, 10, 8, 8, 8, 8, 8, 8, 8, 8, 0, 8, 8, 8, 8, 10, 8, 8, 8, 8, 8, 8, 8, 8, 10, 8, 8, 8, 8, 8, 8, 8, 8, 10, 8, 8, 10, 8]"
150,8,0.7792806,0.12191996589952052,"[10, 8, 8, 8, 8, 8, 8, 8, 10, 8, 8, 8, 8, 8, 8, 8, 8, 8, 8, 8, 8, 8, 8, 8, 8, 8, 8, 8, 8, 10, 8, 8, 10, 8, 8, 8, 8, 8, 8, 8, 8, 8, 8, 8, 8, 10, 10, 8, 8, 8]"
150,9,0.7878252,0.17126151164047737,"[6, 6, 6, 11, 6, 6, 6, 14, 14, 6, 6, 6, 6, 2, 6, 6, 6, 6, 6, 2, 6, 6, 6, 2, 2, 6, 6, 6, 6, 6, 6, 6, 14, 6, 2, 6, 6, 6, 6, 6, 6, 6, 6, 6, 6, 2, 6, 14, 6, 6]"
150,10,0.78842,0.18999425765845085,"[9, 9, 9, 9, 9, 9, 9, 9, 9, 9, 9, 9, 9, 9, 9, 12, 9, 9, 9, 9, 9, 9, 10, 9, 9, 9, 9, 9, 9, 9, 12, 9, 9, 9, 9, 9, 9, 9, 9, 9, 9, 9, 9, 9, 9, 9, 9, 9, 9, 9]"
150,11,0.7886694,0.1895252089343131,"[9, 9, 9, 9, 9, 9, 9, 9, 9, 9, 9, 9, 9, 9, 9, 9, 9, 9, 9, 10, 9, 9, 9, 9, 9, 9, 9, 9, 9, 9, 9, 9, 9, 9, 9, 15, 15, 9, 9, 9, 9, 9, 9, 9, 9, 9, 9, 9, 9, 9]"
150,12,0.7838288,0.1901236470723141,"[8, 8, 8, 8, 8, 9, 9, 8, 9, 8, 9, 8, 8, 8, 9, 8, 8, 9, 8, 8, 9, 8, 9, 9, 8, 8, 9, 9, 13, 9, 9, 9, 8, 8, 13, 9, 8, 8, 9, 9, 8, 9, 8, 8, 8, 8, 8, 8, 9, 8]"
150,13,0.7862052,0.1359160916713571,"[9, 9, 8, 9, 11, 9, 9, 9, 9, 8, 9, 8, 9, 8, 8, 8, 9, 9, 8, 9, 8, 9, 11, 9, 8, 8, 8, 8, 8, 8, 9, 8, 9, 8, 9, 8, 9, 9, 9, 11, 8, 9, 9, 9, 8, 9, 8, 9, 9, 9]"
150,14,0.7899134,0.2200003573700218,"[9, 12, 9, 9, 9, 9, 12, 9, 9, 11, 9, 9, 9, 9, 11, 9, 11, 9, 9, 11, 9, 9, 12, 9, 11, 9, 9, 8, 9, 9, 11, 11, 11, 8, 11, 9, 9, 9, 9, 11, 9, 9, 9, 9, 9, 9, 9, 8, 9, 9]"
150,15,0.7844438,0.1638275651793996,"[9, 9, 8, 9, 9, 8, 9, 8, 9, 8, 9, 10, 9, 8, 9, 8, 9, 8, 8, 8, 8, 8, 8, 9, 9, 9, 8, 8, 9, 8, 8, 8, 8, 9, 9, 14, 8, 9, 8, 8, 8, 9, 9, 9, 9, 9, 9, 8, 8, 8]"
150,16,0.7273256,0.19164746610105152,"[8, 9, 9, 9, 8, 8, 8, 8, 9, 9, 8, 9, 9, 9, 9, 8, 9, 1, 8, 9, 9, 8, 8, 9, 8, 8, 9, 9, 8, 8, 9, 9, 9, 8, 12, 9, 9, 9, 9, 9, 9, 9, 9, 8, 0, 8, 8, 9, 8, 9]"
150,17,0.7989822,0.24907697960510153,"[8, 8, 9, 8, 13, 9, 9, 14, 8, 8, 9, 14, 8, 9, 9, 9, 8, 9, 8, 9, 9, 8, 8, 10, 8, 8, 9, 9, 8, 8, 9, 8, 9, 8, 9, 8, 8, 13, 8, 8, 9, 8, 8, 8, 8, 13, 8, 9, 8, 8]"
150,18,0.8169216,0.28511694417719574,"[6, 6, 6, 6, 6, 6, 6, 6, 6, 6, 6, 6, 6, 6, 6, 6, 6, 6, 6, 6, 6, 6, 6, 6, 6, 6, 6, 6, 6, 6, 6, 6, 6, 6, 6, 6, 6, 6, 6, 6, 6, 6, 6, 6, 6, 6, 6, 6, 6, 1]"
150,19,0.790516,0.2905258185655163,"[13, 9, 9, 9, 9, 12, 13, 10, 9, 9, 12, 9, 9, 9, 9, 9, 9, 9, 9, 9, 9, 9, 13, 9, 9, 9, 9, 9, 9, 9, 9, 9, 9, 9, 9, 9, 10, 9, 9, 9, 9, 9, 9, 15, 9, 9, 9, 9, 9, 9]"
150,20,0.7863262,0.2873135309889346,"[6, 6, 6, 6, 6, 6, 6, 0, 6, 6, 6, 6, 6, 6, 6, 6, 6, 6, 6, 2, 6, 6, 6, 6, 6, 14, 10, 6, 6, 6, 6, 6, 6, 6, 6, 14, 6, 14, 10, 6, 6, 6, 6, 6, 6, 6, 6, 11, 6, 6]"
150,21,0.7501326,0.25893020247552373,"[2, 2, 2, 2, 2, 2, 2, 2, 2, 2, 2, 2, 2, 7, 2, 7, 2, 2, 2, 2, 2, 2, 2, 14, 2, 7, 2, 2, 2, 2, 2, 7, 2, 5, 2, 2, 2, 2, 2, 2, 2, 2, 2, 2, 2, 2, 2, 2, 2, 2]"
150,22,0.752107,0.20870057890228166,"[8, 8, 8, 8, 8, 8, 11, 6, 8, 8, 13, 8, 8, 8, 8, 8, 8, 8, 8, 13, 8, 8, 11, 8, 8, 8, 8, 8, 8, 11, 8, 8, 8, 8, 8, 8, 8, 8, 8, 8, 8, 8, 8, 8, 11, 8, 8, 8, 8, 11]"
150,23,0.7877716,0.14163036561392828,"[9, 9, 9, 9, 9, 9, 9, 9, 9, 9, 9, 9, 9, 9, 9, 9, 9, 9, 9, 9, 9, 9, 9, 9, 9, 9, 9, 9, 9, 9, 9, 10, 9, 9, 9, 9, 9, 9, 9, 9, 9, 9, 10, 9, 9, 9, 9, 9, 9, 9]"
150,24,0.7791006,0.11971412024439107,"[2, 2, 2, 2, 2, 2, 2, 2, 2, 2, 2, 2, 2, 2, 2, 2, 2, 2, 2, 2, 2, 2, 2, 2, 2, 2, 2, 2, 2, 2, 2, 2, 2, 2, 2, 2, 2, 2, 2, 2, 2, 2, 2, 2, 2, 2, 2, 2, 2, 2]"
150,25,0.8142188,0.39144175641204404,"[3, 6, 6, 6, 6, 6, 6, 6, 6, 7, 10, 6, 3, 6, 3, 6, 3, 6, 6, 10, 6, 6, 6, 6, 6, 6, 6, 6, 10, 10, 6, 6, 6, 10, 11, 6, 6, 6, 6, 6, 3, 6, 6, 6, 6, 10, 15, 6, 6, 6]"
150,26,0.7332816,0.21240245603225846,"[8, 9, 2, 9, 9, 9, 9, 9, 12, 9, 11, 9, 9, 9, 9, 9, 9, 9, 11, 9, 9, 9, 9, 8, 11, 9, 9, 9, 12, 9, 8, 9, 11, 9, 9, 9, 9, 9, 11, 9, 1, 9, 9, 11, 9, 9, 8, 9, 9, 11]"
150,27,0.7479356,0.1241418459643326,"[8, 8, 8, 8, 8, 8, 8, 8, 8, 8, 8, 8, 8, 8, 8, 8, 8, 8, 8, 8, 8, 8, 8, 8, 8, 8, 8, 8, 8, 8, 8, 8, 8, 8, 8, 8, 8, 8, 8, 8, 1, 8, 8, 8, 8, 8, 8, 8, 8, 8]"
150,28,0.6833294,0.23975823244661193,"[6, 6, 6, 6, 6, 6, 6, 6, 9, 6, 6, 6, 6, 6, 6, 14, 6, 6, 6, 6, 12, 6, 6, 6, 6, 14, 6, 6, 6, 6, 6, 6, 6, 6, 6, 6, 9, 6, 6, 6, 6, 6, 6, 9, 6, 6, 6, 6, 6, 6]"
150,29,0.7794526,0.16809736474159306,"[2, 2, 2, 2, 2, 2, 2, 2, 3, 2, 2, 2, 2, 2, 2, 2, 2, 2, 2, 2, 2, 2, 2, 2, 2, 3, 2, 2, 2, 2, 2, 2, 2, 2, 2, 2, 2, 2, 2, 2, 2, 2, 2, 2, 2, 2, 2, 2, 2, 2]"
150,30,0.7899938,0.34271748218226566,"[9, 11, 9, 9, 9, 9, 9, 9, 9, 9, 9, 9, 9, 9, 9, 9, 3, 13, 9, 9, 9, 9, 9, 9, 9, 9, 11, 9, 9, 11, 9, 9, 9, 9, 14, 11, 9, 9, 9, 9, 9, 9, 9, 9, 11, 14, 9, 9, 9, 9]"
150,31,0.6876714,0.1586526992953899,"[0, 2, 5, 2, 2, 2, 2, 2, 2, 2, 2, 2, 2, 2, 2, 2, 2, 2, 2, 2, 2, 2, 2, 2, 2, 2, 2, 2, 2, 2, 2, 2, 2, 2, 2, 2, 2, 2, 2, 2, 0, 2, 2, 2, 2, 2, 2, 2, 2, 2]"
150,32,0.730923,0.3238161312476039,"[9, 9, 9, 9, 9, 9, 9, 9, 12, 9, 11, 9, 8, 11, 9, 9, 9, 9, 9, 9, 9, 9, 9, 9, 9, 9, 6, 9, 9, 9, 9, 9, 9, 2, 11, 9, 2, 9, 8, 9, 8, 9, 9, 11, 9, 9, 9, 9, 12, 9]"
150,33,0.7880404,0.14183555118082722,"[6, 14, 6, 6, 6, 6, 6, 6, 6, 6, 6, 6, 14, 6, 6, 6, 6, 6, 6, 6, 6, 6, 6, 6, 6, 6, 6, 6, 6, 6, 6, 6, 6, 6, 6, 6, 6, 6, 6, 6, 6, 14, 6, 6, 6, 6, 6, 6, 6, 6]"
150,34,0.7799944,0.14679062611404017,"[2, 2, 2, 2, 2, 3, 2, 2, 2, 2, 2, 2, 2, 2, 2, 2, 2, 2, 2, 2, 6, 10, 2, 2, 2, 2, 2, 2, 2, 2, 2, 2, 2, 10, 2, 2, 2, 2, 2, 2, 2, 2, 2, 2, 2, 2, 2, 10, 2, 10]"
150,35,0.822415,0.36844810625211394,"[10, 13, 13, 8, 8, 8, 8, 8, 8, 13, 13, 8, 13, 13, 13, 8, 13, 8, 13, 8, 8, 13, 13, 8, 13, 8, 8, 8, 8, 8, 13, 8, 8, 10, 8, 8, 8, 8, 8, 8, 13, 8, 8, 13, 8, 8, 13, 13, 13, 8]"
150,36,0.758867,0.17240701019522975,"[9, 9, 9, 9, 9, 9, 9, 9, 13, 9, 9, 9, 9, 9, 9, 9, 9, 9, 9, 9, 9, 9, 1, 9, 9, 9, 9, 9, 9, 9, 9, 9, 9, 9, 9, 9, 9, 9, 9, 9, 9, 9, 9, 9, 9, 9, 9, 9, 9, 9]"
150,37,0.7861198,0.1852065095773057,"[9, 8, 8, 8, 9, 8, 8, 8, 8, 9, 10, 8, 8, 8, 9, 8, 9, 13, 9, 8, 8, 10, 8, 13, 11, 11, 8, 8, 8, 8, 11, 8, 11, 8, 9, 8, 9, 8, 8, 8, 11, 9, 8, 8, 9, 8, 11, 8, 11, 11]"
150,38,0.7879376,0.1738082756810577,"[6, 6, 6, 6, 6, 6, 6, 6, 6, 6, 6, 6, 6, 6, 6, 6, 6, 6, 10, 6, 6, 15, 6, 6, 6, 6, 6, 6, 6, 6, 2, 6, 6, 6, 6, 6, 6, 6, 6, 6, 6, 6, 6, 6, 6, 6, 10, 6, 6, 6]"
150,39,0.787222,0.14238327209925353,"[9, 9, 9, 9, 9, 9, 9, 9, 9, 9, 9, 9, 9, 9, 9, 9, 9, 9, 9, 9, 9, 9, 9, 9, 9, 9, 9, 9, 9, 9, 9, 9, 9, 9, 9, 9, 9, 9, 9, 9, 9, 9, 9, 9, 9, 9, 9, 9, 9, 9]"
150,40,0.7603436,0.21622923926005874,"[2, 2, 11, 2, 2, 2, 2, 6, 11, 2, 8, 2, 6, 3, 3, 2, 2, 2, 2, 2, 2, 6, 2, 2, 3, 2, 2, 6, 2, 2, 3, 6, 2, 2, 3, 2, 2, 3, 2, 2, 2, 2, 2, 2, 2, 2, 3, 2, 2, 3]"
150,41,0.7519432,0.12001105408710437,"[2, 2, 2, 2, 3, 2, 2, 2, 2, 2, 2, 2, 2, 2, 2, 2, 2, 2, 2, 3, 2, 2, 2, 2, 2, 2, 2, 2, 2, 2, 2, 2, 2, 2, 2, 2, 2, 2, 2, 2, 2, 2, 2, 0, 2, 2, 2, 2, 2, 7]"
150,42,0.7875076,0.14126644631059107,"[9, 9, 9, 9, 9, 9, 9, 9, 9, 9, 9, 9, 10, 9, 9, 9, 9, 9, 9, 9, 9, 9, 9, 9, 9, 9, 9, 9, 9, 9, 10, 9, 9, 9, 9, 9, 9, 9, 9, 9, 9, 9, 9, 9, 9, 9, 9, 9, 9, 9]"
150,43,0.7335982,0.2553861462253543,"[6, 6, 6, 6, 6, 6, 6, 6, 6, 3, 6, 6, 6, 6, 6, 6, 6, 6, 12, 5, 6, 15, 6, 6, 6, 6, 6, 6, 6, 6, 6, 6, 11, 6, 6, 6, 6, 6, 6, 6, 6, 6, 6, 6, 6, 6, 6, 6, 6, 6]"
150,44,0.7798276,0.08317628628264281,"[2, 2, 2, 2, 2, 2, 2, 2, 2, 2, 2, 2, 11, 2, 2, 2, 2, 2, 2, 2, 2, 2, 2, 2, 2, 2, 2, 2, 2, 2, 2, 2, 2, 2, 2, 2, 2, 2, 2, 2, 2, 2, 2, 2, 2, 2, 2, 2, 2, 13]"
150,45,0.7809832,0.1522035466307575,"[8, 8, 8, 9, 8, 8, 8, 15, 8, 9, 8, 8, 8, 8, 8, 9, 8, 8, 8, 8, 8, 8, 9, 8, 8, 9, 8, 8, 8, 8, 8, 8, 8, 9, 8, 8, 8, 8, 8, 8, 8, 8, 8, 8, 8, 8, 8, 8, 8, 8]"
150,46,0.8456512,0.617160296405855,"[11, 14, 11, 6, 15, 11, 6, 15, 6, 6, 14, 6, 11, 6, 6, 6, 14, 6, 14, 11, 6, 6, 14, 14, 11, 6, 6, 11, 6, 6, 11, 6, 11, 11, 6, 11, 15, 11, 6, 14, 6, 11, 6, 11, 15, 6, 11, 6, 14, 15]"
150,47,0.7871952,0.18670144703762978,"[6, 6, 2, 6, 2, 6, 6, 2, 6, 2, 10, 2, 6, 2, 6, 2, 6, 6, 2, 6, 6, 2, 6, 6, 6, 2, 2, 10, 2, 6, 2, 2, 7, 6, 6, 6, 6, 6, 6, 6, 6, 10, 11, 6, 6, 6, 6, 10, 6, 6]"
150,48,0.7838968,0.6975069373243906,"[1, 15, 2, 15, 2, 6, 15, 15, 15, 15, 6, 6, 6, 6, 15, 6, 15, 6, 15, 6, 6, 15, 15, 6, 6, 15, 6, 6, 6, 2, 6, 6, 6, 15, 15, 15, 6, 15, 15, 15, 15, 15, 6, 6, 15, 6, 6, 6, 6, 12]"
150,49,0.7874142,0.14319225108956152,"[6, 6, 6, 6, 6, 6, 6, 6, 6, 6, 6, 6, 6, 6, 6, 6, 6, 6, 6, 6, 6, 6, 6, 6, 6, 6, 6, 6, 6, 6, 6, 6, 6, 6, 6, 6, 6, 6, 6, 6, 6, 6, 6, 6, 6, 6, 6, 6, 6, 6]"
150,50,0.7793594,0.12037451490306267,"[2, 2, 2, 2, 2, 2, 2, 2, 2, 2, 2, 2, 2, 2, 2, 2, 2, 2, 2, 2, 2, 2, 2, 2, 2, 2, 2, 2, 2, 2, 2, 2, 2, 2, 2, 2, 2, 2, 2, 2, 2, 2, 2, 2, 2, 2, 2, 2, 2, 2]"
192,1,0.2921438,0.7876044167305011,"[12, 12, 12, 12, 10, 12, 12, 12, 12, 12, 12, 14, 12, 12, 12, 12, 12, 12, 12, 12, 12, 12, 12, 12, 12, 12, 12, 12, 12, 12, 14, 12, 12, 12, 12, 12, 12, 12, 12, 14, 12, 12, 12, 12, 12, 12, 12, 12, 12, 12]"
192,2,0.2346716,0.9677102897245387,"[12, 12, 8, 12, 12, 12, 12, 12, 12, 12, 8, 12, 12, 12, 12, 12, 12, 12, 12, 12, 12, 12, 12, 12, 12, 12, 12, 12, 12, 12, 12, 12, 12, 12, 12, 12, 12, 12, 12, 12, 12, 12, 12, 12, 12, 12, 12, 12, 12, 12]"
192,3,0.138176,0.3942424710856497,"[8, 8, 8, 13, 8, 13, 8, 5, 8, 8, 8, 13, 13, 8, 8, 8, 8, 12, 13, 5, 13, 8, 13, 8, 13, 8, 13, 8, 8, 8, 13, 8, 8, 13, 8, 13, 12, 8, 8, 13, 8, 5, 8, 8, 8, 13, 8, 5, 8, 13]"
192,4,0.1714722,0.34379084759248135,"[9, 12, 12, 12, 12, 12, 9, 12, 9, 12, 15, 9, 9, 1, 1, 12, 9, 12, 14, 12, 12, 12, 12, 12, 1, 12, 9, 15, 9, 7, 12, 12, 12, 9, 12, 12, 9, 12, 12, 12, 12, 9, 12, 12, 9, 12, 12, 12, 12, 12]"
192,5,0.1203598,0.9437605354414441,"[8, 8, 12, 12, 8, 12, 8, 12, 13, 8, 8, 8, 12, 8, 12, 12, 8, 12, 12, 8, 13, 8, 2, 12, 12, 12, 12, 12, 12, 12, 12, 12, 12, 8, 12, 12, 8, 12, 12, 8, 13, 12, 12, 12, 12, 12, 8, 12, 12, 12]"
192,6,0.1587936,0.575101410327513,"[0, 0, 0, 10, 0, 14, 8, 0, 0, 0, 0, 0, 8, 3, 1, 0, 0, 0, 0, 0, 0, 10, 0, 10, 0, 0, 3, 0, 0, 0, 0, 6, 0, 0, 0, 0, 1, 0, 0, 0, 0, 0, 0, 0, 0, 3, 0, 0, 0, 0]"
192,7,0.0307904,0.3434484432845785,"[8, 8, 8, 8, 8, 8, 8, 8, 8, 8, 8, 8, 8, 8, 8, 8, 8, 0, 8, 0, 8, 8, 0, 8, 8, 0, 8, 8, 8, 8, 8, 0, 8, 8, 0, 8, 8, 8, 0, 8, 8, 8, 0, 0, 8, 8, 8, 8, 8, 8]"
192,8,0.0696132,0.14684145366582918,"[8, 8, 8, 8, 8, 8, 8, 8, 8, 8, 8, 8, 8, 8, 8, 8, 8, 8, 8, 8, 8, 8, 8, 8, 8, 8, 8, 8, 8, 8, 8, 8, 8, 8, 8, 8, 8, 8, 8, 8, 8, 8, 8, 8, 8, 8, 8, 8, 8, 8]"
192,9,0.1365174,0.8106597597804417,"[8, 8, 8, 11, 8, 7, 12, 8, 13, 8, 8, 8, 8, 4, 8, 8, 8, 8, 12, 12, 12, 8, 12, 8, 12, 12, 13, 8, 8, 8, 8, 7, 13, 8, 4, 7, 6, 12, 8, 12, 12, 8, 8, 8, 12, 8, 8, 8, 8, 8]"
192,10,0.0589508,0.9441067315839091,"[12, 12, 12, 12, 12, 12, 12, 0, 12, 12, 12, 12, 12, 12, 12, 12, 12, 0, 0, 12, 3, 12, 12, 12, 12, 12, 0, 12, 12, 0, 0, 12, 12, 12, 12, 0, 12, 12, 12, 12, 0, 0, 12, 12, 12, 12, 12, 12, 0, 12]"
192,11,0.275185,0.9381245440007305,"[12, 12, 12, 12, 12, 12, 12, 12, 12, 12, 12, 12, 12, 12, 12, 12, 12, 12, 12, 10, 12, 12, 12, 12, 12, 12, 12, 12, 12, 12, 12, 12, 12, 12, 12, 15, 12, 12, 12, 12, 12, 12, 12, 12, 12, 12, 12, 12, 12, 12]"
192,12,0.1289716,0.9730446247472082,"[12, 12, 12, 12, 12, 12, 12, 12, 12, 12, 0, 12, 12, 12, 12, 12, 12, 12, 12, 12, 12, 12, 12, 12, 12, 12, 12, 12, 12, 12, 12, 0, 12, 12, 12, 12, 12, 12, 12, 12, 12, 12, 12, 12, 12, 12, 12, 12, 12, 12]"
192,13,0.0575154,0.9295354797127249,"[8, 8, 8, 8, 8, 8, 8, 8, 8, 8, 8, 8, 8, 8, 8, 8, 8, 8, 8, 8, 8, 8, 8, 8, 8, 8, 8, 8, 8, 8, 8, 8, 8, 8, 8, 8, 5, 8, 8, 8, 8, 8, 5, 8, 8, 8, 8, 8, 8, 8]"
192,14,0.0713468,0.18867281334010877,"[8, 8, 12, 8, 8, 8, 8, 8, 8, 8, 8, 8, 8, 8, 8, 8, 8, 8, 8, 8, 8, 8, 8, 8, 8, 8, 8, 8, 8, 8, 8, 8, 8, 8, 12, 8, 8, 8, 8, 12, 8, 12, 8, 8, 8, 12, 8, 12, 8, 8]"
192,15,0.1005834,0.10298712079990258,"[8, 8, 8, 8, 8, 8, 8, 8, 8, 8, 8, 10, 8, 8, 8, 8, 8, 8, 8, 8, 8, 8, 8, 8, 8, 8, 8, 8, 8, 8, 8, 8, 8, 8, 8, 14, 8, 8, 8, 8, 8, 8, 8, 8, 8, 8, 8, 8, 8, 8]"
192,16,0.0620664,0.3755963847915888,"[8, 8, 0, 5, 8, 8, 8, 8, 8, 8, 8, 0, 8, 8, 8, 8, 0, 1, 8, 8, 8, 8, 8, 8, 8, 8, 8, 9, 8, 9, 8, 8, 1, 8, 12, 8, 9, 8, 8, 5, 8, 8, 0, 8, 0, 8, 8, 8, 8, 5]"
192,17,0.2435636,0.8600701937043972,"[12, 15, 12, 12, 12, 12, 12, 8, 12, 12, 12, 12, 8, 8, 8, 12, 12, 12, 12, 12, 8, 12, 12, 10, 12, 12, 12, 12, 12, 12, 12, 12, 12, 12, 12, 15, 12, 12, 12, 12, 12, 12, 12, 12, 12, 12, 12, 12, 12, 12]"
192,18,0.0840088,-0.06961896570142737,"[8, 8, 8, 8, 8, 8, 8, 8, 8, 12, 8, 8, 8, 8, 8, 8, 8, 8, 8, 8, 8, 8, 8, 8, 8, 12, 8, 8, 8, 8, 8, 8, 8, 8, 8, 8, 8, 8, 8, 8, 8, 8, 8, 8, 8, 8, 8, 8, 8, 1]"
192,19,0.0991932,0.6673754449484723,"[8, 8, 7, 8, 8, 12, 13, 8, 8, 8, 12, 8, 8, 8, 8, 8, 8, 8, 8, 8, 8, 8, 13, 8, 8, 8, 8, 8, 8, 8, 8, 8, 8, 8, 8, 8, 5, 8, 8, 8, 13, 8, 8, 15, 8, 8, 8, 8, 8, 8]"
192,20,0.2269128,0.7453934565025222,"[12, 12, 12, 12, 12, 12, 12, 0, 12, 12, 12, 12, 12, 12, 12, 12, 12, 12, 12, 12, 12, 12, 12, 12, 12, 12, 10, 12, 11, 12, 12, 12, 12, 12, 12, 12, 12, 12, 10, 11, 12, 12, 12, 13, 12, 13, 12, 12, 12, 4]"
192,21,0.0723368,0.7476041541360922,"[4, 4, 12, 4, 4, 4, 4, 4, 4, 4, 4, 4, 5, 7, 4, 4, 4, 4, 12, 4, 4, 4, 4, 14, 12, 4, 4, 12, 4, 4, 14, 4, 4, 5, 4, 4, 8, 4, 4, 4, 4, 4, 4, 4, 4, 4, 4, 4, 12, 4]"
192,22,0.1418414,0.5039116979356546,"[12, 0, 12, 12, 12, 12, 12, 6, 12, 12, 2, 12, 12, 0, 12, 12, 12, 12, 12, 2, 12, 12, 12, 14, 12, 12, 12, 12, 12, 12, 0, 12, 12, 12, 12, 12, 12, 12, 12, 12, 12, 12, 14, 12, 12, 0, 12, 12, 12, 14]"
192,23,0.109379,0.5342955318349629,"[8, 8, 12, 8, 8, 11, 8, 8, 8, 5, 8, 12, 5, 8, 12, 8, 8, 8, 5, 8, 8, 8, 8, 11, 11, 8, 12, 12, 8, 12, 8, 8, 8, 5, 12, 8, 8, 8, 8, 12, 8, 12, 8, 12, 5, 8, 8, 12, 8, 8]"
192,24,0.2081464,0.7061646259614559,"[12, 12, 12, 12, 12, 12, 9, 12, 12, 12, 12, 12, 12, 12, 12, 12, 12, 12, 12, 12, 9, 12, 12, 12, 12, 12, 12, 12, 12, 9, 12, 12, 9, 9, 12, 12, 12, 9, 12, 12, 12, 12, 12, 12, 12, 12, 12, 12, 12, 12]"
192,25,0.2205652,0.8605580181518456,"[12, 12, 12, 12, 13, 13, 12, 12, 12, 7, 15, 12, 12, 12, 13, 12, 12, 8, 12, 12, 12, 12, 12, 12, 12, 12, 12, 12, 8, 12, 8, 12, 12, 10, 12, 12, 12, 12, 12, 12, 12, 12, 13, 10, 12, 12, 12, 12, 12, 12]"
192,26,0.120534,0.9162397638283917,"[12, 12, 2, 12, 3, 12, 12, 12, 12, 12, 12, 12, 12, 12, 12, 12, 12, 12, 12, 12, 8, 12, 12, 8, 12, 12, 12, 12, 12, 12, 8, 8, 12, 3, 12, 12, 12, 12, 12, 12, 1, 8, 12, 12, 12, 12, 8, 12, 8, 12]"
192,27,0.1770744,0.892461693858171,"[12, 12, 12, 12, 12, 12, 12, 12, 12, 12, 12, 12, 12, 12, 12, 12, 12, 12, 12, 12, 12, 12, 12, 12, 12, 12, 12, 12, 12, 12, 12, 12, 12, 12, 12, 12, 12, 12, 12, 12, 1, 12, 12, 12, 12, 12, 12, 12, 12, 12]"
192,28,0.2304188,0.8158216515185241,"[12, 12, 12, 12, 12, 12, 12, 12, 9, 12, 12, 12, 12, 12, 9, 12, 12, 12, 12, 12, 12, 12, 12, 12, 12, 14, 9, 12, 12, 12, 12, 12, 12, 12, 12, 12, 9, 12, 12, 12, 12, 12, 12, 9, 12, 12, 12, 12, 12, 12]"
192,29,0.1397646,0.3394360651960968,"[8, 9, 9, 14, 8, 8, 9, 9, 8, 9, 8, 8, 8, 8, 9, 8, 8, 8, 8, 8, 14, 9, 8, 9, 8, 3, 8, 9, 8, 8, 8, 8, 8, 9, 9, 8, 8, 9, 8, 8, 8, 8, 9, 9, 8, 14, 8, 8, 8, 8]"
192,30,0.108003,0.678420509715988,"[8, 8, 8, 8, 8, 8, 8, 8, 8, 8, 8, 8, 8, 8, 8, 8, 3, 13, 8, 8, 8, 8, 8, 8, 8, 8, 8, 8, 8, 8, 8, 8, 8, 8, 14, 8, 8, 8, 8, 3, 8, 8, 8, 8, 8, 8, 8, 8, 8, 8]"
192,31,0.0189522,0.244211548156203,"[0, 4, 5, 8, 8, 4, 8, 4, 0, 4, 4, 8, 4, 0, 4, 0, 8, 4, 4, 4, 9, 4, 4, 8, 0, 4, 0, 4, 8, 0, 4, 0, 4, 8, 4, 4, 8, 8, 0, 4, 0, 4, 8, 8, 8, 4, 0, 0, 4, 4]"
192,32,0.0978448,0.10442445344817881,"[8, 8, 8, 8, 8, 8, 8, 8, 8, 8, 8, 8, 8, 8, 8, 8, 8, 8, 8, 8, 8, 8, 8, 8, 8, 8, 6, 8, 8, 8, 8, 8, 8, 2, 8, 8, 2, 8, 8, 8, 8, 8, 8, 8, 8, 8, 8, 8, 8, 8]"
192,33,0.0273522,0.3507532420174579,"[0, 0, 0, 0, 0, 0, 0, 0, 0, 0, 0, 0, 0, 0, 0, 0, 0, 0, 0, 0, 0, 0, 0, 0, 0, 0, 0, 0, 0, 0, 0, 0, 0, 0, 0, 0, 0, 0, 0, 0, 0, 14, 0, 0, 0, 0, 0, 0, 0, 0]"
192,34,0.0325626,0.08932271715248018,"[8, 0, 9, 8, 8, 0, 0, 9, 8, 0, 9, 9, 0, 9, 0, 8, 0, 0, 8, 0, 0, 0, 0, 8, 8, 8, 8, 8, 0, 8, 9, 9, 8, 9, 0, 0, 0, 0, 0, 0, 8, 8, 0, 0, 0, 0, 0, 8, 0, 0]"
192,35,0.0448544,0.20396530811392508,"[10, 0, 0, 0, 0, 0, 0, 0, 0, 0, 0, 0, 0, 0, 0, 0, 0, 0, 0, 0, 0, 0, 0, 0, 0, 0, 0, 0, 0, 0, 0, 0, 0, 10, 0, 0, 0, 0, 0, 0, 0, 0, 0, 0, 0, 0, 0, 0, 0, 0]"
192,36,0.065646,0.8459811340010789,"[8, 8, 8, 8, 13, 8, 8, 8, 13, 8, 8, 8, 8, 8, 8, 8, 8, 1, 8, 8, 8, 8, 8, 8, 8, 8, 8, 8, 8, 8, 8, 8, 8, 8, 8, 8, 8, 8, 8, 8, 8, 8, 8, 8, 8, 8, 8, 8, 8, 8]"
192,37,0.0481228,0.6338941730209714,"[0, 0, 0, 0, 0, 0, 0, 0, 8, 0, 10, 0, 0, 0, 0, 8, 0, 0, 0, 0, 0, 10, 0, 1, 0, 0, 8, 0, 0, 0, 0, 0, 0, 8, 8, 8, 0, 0, 0, 0, 0, 0, 0, 0, 0, 0, 0, 0, 0, 0]"
192,38,0.2281664,0.996006930292079,"[12, 12, 12, 12, 12, 12, 12, 10, 12, 12, 12, 13, 12, 12, 12, 12, 12, 12, 12, 12, 12, 15, 12, 12, 12, 12, 12, 14, 12, 9, 2, 12, 12, 12, 12, 12, 12, 12, 12, 12, 12, 12, 12, 12, 12, 14, 12, 12, 12, 12]"
192,39,0.1432084,0.33861657595770916,"[12, 8, 8, 8, 8, 12, 8, 8, 12, 8, 8, 8, 12, 13, 8, 12, 8, 12, 12, 14, 8, 12, 0, 8, 8, 8, 8, 8, 14, 12, 8, 8, 12, 8, 8, 14, 12, 8, 8, 8, 14, 8, 8, 12, 8, 12, 8, 12, 8, 12]"
192,40,0.0288226,0.6503682601043148,"[4, 4, 4, 4, 4, 4, 4, 0, 4, 4, 8, 4, 0, 0, 4, 4, 4, 4, 4, 4, 0, 0, 4, 4, 0, 4, 4, 0, 4, 4, 4, 4, 0, 4, 0, 4, 4, 4, 4, 4, 4, 4, 2, 4, 4, 0, 4, 0, 4, 0]"
192,41,0.0503382,0.6202349403730506,"[8, 8, 8, 8, 8, 8, 8, 0, 8, 8, 8, 8, 8, 8, 8, 8, 8, 8, 8, 8, 8, 8, 8, 8, 8, 8, 8, 8, 8, 8, 8, 8, 8, 8, 8, 8, 8, 8, 1, 8, 8, 8, 8, 0, 8, 8, 8, 8, 8, 8]"
192,42,0.0544336,0.6834007992111681,"[8, 8, 8, 8, 8, 8, 8, 8, 8, 8, 8, 8, 8, 8, 8, 8, 8, 8, 8, 8, 8, 8, 8, 8, 8, 5, 8, 8, 5, 8, 8, 8, 8, 8, 8, 8, 8, 8, 8, 8, 8, 5, 8, 8, 8, 8, 8, 8, 8, 8]"
192,43,0.1112192,0.7034703087990368,"[4, 4, 4, 4, 0, 0, 4, 4, 3, 3, 4, 11, 4, 4, 4, 4, 4, 4, 12, 5, 4, 15, 4, 4, 4, 4, 0, 4, 4, 4, 4, 4, 11, 0, 4, 0, 4, 4, 4, 4, 4, 4, 4, 4, 4, 4, 4, 4, 4, 4]"
192,44,0.126878,0.5979748944440346,"[8, 8, 8, 8, 8, 8, 8, 8, 8, 13, 8, 8, 11, 8, 8, 8, 8, 8, 8, 8, 11, 8, 8, 8, 8, 8, 13, 8, 8, 8, 8, 8, 8, 8, 8, 8, 8, 8, 8, 8, 8, 8, 8, 8, 8, 8, 8, 8, 8, 13]"
192,45,0.061517,0.16924042294004424,"[8, 8, 8, 8, 8, 8, 8, 8, 8, 0, 8, 8, 8, 8, 8, 8, 8, 8, 8, 8, 8, 8, 8, 8, 8, 8, 8, 8, 8, 8, 8, 8, 8, 8, 8, 8, 8, 8, 8, 8, 8, 8, 8, 8, 8, 8, 8, 8, 8, 8]"
192,46,0.3798974,0.9923083907142423,"[12, 15, 12, 12, 12, 12, 12, 15, 12, 12, 15, 15, 12, 12, 12, 12, 12, 12, 12, 12, 12, 12, 15, 12, 12, 12, 12, 12, 12, 12, 12, 12, 12, 12, 12, 12, 12, 12, 12, 15, 12, 12, 12, 12, 15, 12, 12, 12, 15, 12]"
192,47,0.0346524,0.4659883696185985,"[4, 0, 4, 4, 4, 4, 4, 4, 4, 9, 4, 4, 0, 4, 4, 4, 4, 0, 11, 4, 12, 4, 4, 4, 0, 4, 12, 4, 4, 12, 4, 4, 4, 4, 4, 4, 4, 4, 4, 12, 4, 4, 4, 4, 4, 4, 4, 4, 0, 4]"
192,48,0.1272354,0.8279082159859904,"[1, 12, 8, 8, 8, 8, 8, 8, 8, 12, 8, 12, 8, 8, 8, 12, 12, 8, 8, 8, 12, 8, 12, 8, 8, 12, 12, 8, 8, 8, 12, 12, 15, 8, 8, 15, 8, 12, 8, 15, 8, 8, 8, 8, 12, 8, 8, 12, 8, 12]"
192,49,0.050379,0.2656441085366015,"[12, 8, 8, 8, 8, 12, 8, 12, 8, 12, 8, 8, 8, 8, 12, 12, 12, 8, 0, 8, 8, 8, 8, 8, 12, 12, 0, 8, 12, 12, 8, 8, 8, 8, 12, 12, 8, 8, 12, 8, 12, 0, 8, 8, 8, 8, 8, 8, 0, 8]"
192,50,0.2166382,0.961255671424061,"[12, 8, 12, 12, 12, 15, 15, 12, 12, 8, 12, 8, 12, 12, 12, 12, 12, 12, 15, 12, 12, 8, 12, 8, 12, 12, 12, 12, 12, 12, 12, 12, 4, 8, 8, 12, 12, 12, 12, 12, 12, 15, 8, 15, 8, 12, 12, 12, 12, 12]"
195,1,0.8653404,0.7708135363944916,"[7, 7, 15, 10, 10, 3, 3, 7, 10, 15, 3, 14, 10, 7, 15, 3, 7, 3, 7, 3, 10, 3, 7, 7, 7, 3, 7, 14, 7, 7, 7, 7, 10, 3, 3, 7, 10, 3, 14, 14, 7, 3, 7, 14, 7, 10, 7, 7, 10, 3]"
195,2,0.951823,0.9987374752290304,"[3, 3, 3, 3, 3, 3, 3, 3, 3, 3, 3, 3, 3, 3, 3, 3, 3, 3, 3, 3, 3, 3, 3, 3, 3, 3, 3, 3, 3, 3, 3, 3, 3, 3, 3, 3, 3, 3, 3, 3, 3, 3, 3, 3, 3, 3, 3, 3, 3, 3]"
195,3,0.9523794,0.9868348416646633,"[7, 7, 3, 3, 3, 7, 7, 7, 7, 7, 3, 7, 3, 3, 7, 7, 7, 7, 7, 7, 7, 3, 7, 7, 7, 7, 7, 3, 7, 7, 7, 7, 3, 7, 7, 7, 7, 7, 7, 3, 7, 7, 3, 7, 3, 7, 3, 7, 7, 7]"
195,4,0.8215402,0.9247196942378768,"[13, 9, 13, 13, 9, 13, 13, 9, 13, 9, 13, 13, 9, 9, 9, 9, 9, 9, 14, 13, 15, 13, 13, 13, 9, 13, 13, 13, 13, 13, 9, 13, 13, 9, 15, 13, 9, 9, 13, 13, 15, 15, 9, 9, 15, 9, 9, 9, 15, 9]"
195,5,0.906299,0.9578222848859752,"[7, 15, 15, 3, 3, 3, 3, 3, 2, 7, 7, 3, 3, 3, 3, 3, 3, 3, 3, 7, 2, 3, 2, 3, 3, 3, 3, 3, 3, 3, 3, 15, 3, 2, 15, 15, 3, 3, 3, 7, 13, 3, 7, 3, 3, 3, 15, 3, 3, 3]"
195,6,0.8344072,0.38324169027506244,"[8, 12, 8, 12, 12, 14, 8, 14, 12, 8, 8, 8, 8, 8, 8, 12, 12, 12, 12, 12, 12, 12, 12, 8, 8, 12, 8, 8, 12, 12, 8, 12, 8, 8, 12, 8, 8, 8, 12, 8, 10, 12, 8, 12, 12, 8, 12, 8, 12, 12]"
195,7,0.9159142,0.9810543479001099,"[3, 3, 3, 3, 3, 3, 3, 3, 3, 3, 3, 3, 3, 3, 3, 3, 3, 3, 3, 3, 3, 3, 0, 3, 3, 3, 3, 3, 3, 3, 3, 3, 3, 3, 3, 3, 3, 3, 3, 3, 3, 3, 3, 3, 3, 3, 3, 3, 3, 3]"
195,8,0.9519412,0.9976530227193955,"[3, 3, 3, 3, 3, 3, 3, 11, 3, 3, 3, 11, 3, 3, 3, 3, 11, 11, 3, 3, 3, 3, 3, 3, 3, 3, 3, 3, 3, 3, 3, 3, 3, 3, 3, 3, 3, 3, 3, 3, 3, 3, 3, 3, 3, 3, 3, 3, 11, 3]"
195,9,0.9448992,0.9574892600642062,"[7, 7, 3, 11, 3, 7, 3, 7, 7, 6, 7, 3, 7, 7, 3, 3, 3, 3, 3, 7, 3, 7, 3, 7, 7, 7, 3, 3, 3, 3, 7, 7, 7, 7, 7, 3, 6, 7, 11, 3, 7, 3, 3, 3, 3, 7, 7, 7, 7, 3]"
195,10,0.9490376,0.9954406816222843,"[13, 13, 12, 13, 13, 13, 14, 13, 13, 13, 13, 13, 13, 13, 13, 13, 12, 13, 13, 13, 13, 13, 10, 13, 12, 14, 13, 13, 13, 13, 13, 13, 14, 13, 13, 13, 13, 13, 12, 13, 13, 13, 13, 13, 13, 13, 13, 13, 13, 12]"
195,11,0.9487818,0.979855428217885,"[3, 3, 3, 3, 3, 3, 3, 7, 3, 3, 3, 3, 3, 7, 7, 3, 3, 3, 3, 10, 7, 3, 3, 3, 7, 3, 3, 15, 3, 3, 7, 3, 3, 7, 3, 15, 15, 11, 3, 3, 3, 3, 11, 3, 7, 7, 3, 3, 3, 3]"
195,12,0.9519592,0.9997013850382184,"[12, 12, 12, 12, 12, 12, 12, 12, 12, 12, 12, 12, 12, 12, 12, 12, 12, 12, 12, 12, 12, 12, 12, 12, 12, 12, 12, 12, 12, 12, 12, 12, 12, 12, 12, 12, 12, 12, 12, 12, 12, 12, 12, 12, 12, 12, 12, 12, 12, 12]"
195,13,0.7975314,0.5617262000653986,"[2, 2, 7, 2, 7, 14, 7, 2, 2, 7, 2, 2, 7, 7, 7, 2, 2, 2, 2, 2, 2, 2, 2, 7, 2, 2, 2, 2, 2, 7, 7, 7, 2, 2, 7, 7, 7, 7, 2, 7, 2, 7, 7, 7, 7, 2, 2, 2, 2, 7]"
195,14,0.952501,0.9813824509257123,"[13, 12, 13, 13, 13, 13, 12, 13, 12, 13, 13, 13, 13, 13, 13, 13, 12, 13, 13, 13, 13, 13, 12, 12, 13, 13, 13, 13, 13, 13, 13, 13, 13, 13, 13, 13, 13, 13, 13, 13, 13, 13, 13, 13, 13, 13, 13, 13, 13, 13]"
195,15,0.9409862,0.9477727030398101,"[3, 3, 7, 3, 3, 3, 3, 3, 3, 3, 3, 10, 3, 7, 3, 3, 3, 3, 3, 3, 3, 3, 3, 3, 3, 3, 3, 7, 3, 3, 3, 3, 6, 3, 3, 14, 7, 3, 3, 3, 3, 3, 3, 3, 3, 3, 3, 3, 3, 3]"
195,16,0.866893,0.9190185153851698,"[13, 12, 12, 12, 13, 13, 13, 13, 12, 9, 13, 12, 12, 13, 12, 13, 12, 1, 13, 13, 13, 13, 13, 12, 13, 13, 12, 9, 9, 13, 12, 9, 12, 13, 12, 12, 9, 12, 13, 13, 13, 12, 12, 13, 0, 13, 13, 12, 13, 13]"
195,17,0.9482052,0.979404061170378,"[3, 3, 3, 3, 3, 3, 3, 3, 3, 3, 3, 3, 3, 3, 7, 3, 3, 3, 3, 3, 3, 3, 3, 10, 3, 3, 3, 3, 3, 3, 3, 3, 3, 3, 3, 3, 3, 3, 3, 3, 3, 3, 3, 3, 3, 3, 3, 3, 3, 3]"
195,18,0.9492626,0.9928361355059766,"[7, 7, 7, 7, 7, 7, 7, 7, 7, 7, 7, 7, 7, 7, 7, 7, 7, 7, 7, 7, 7, 7, 7, 7, 7, 7, 7, 7, 7, 7, 7, 15, 7, 7, 7, 7, 7, 7, 7, 7, 7, 7, 7, 7, 7, 7, 7, 7, 7, 1]"
195,19,0.9521764,0.996491896078832,"[13, 12, 12, 12, 12, 12, 12, 12, 12, 12, 12, 12, 12, 12, 12, 12, 12, 12, 12, 12, 12, 12, 13, 12, 12, 12, 12, 12, 12, 12, 12, 12, 12, 12, 12, 12, 12, 12, 12, 12, 13, 12, 12, 12, 12, 12, 12, 12, 12, 12]"
195,20,0.9092356,0.9824136334068476,"[3, 3, 3, 3, 11, 3, 3, 0, 3, 3, 3, 3, 3, 3, 3, 3, 3, 3, 3, 3, 3, 3, 3, 3, 3, 3, 10, 3, 3, 3, 3, 3, 3, 3, 3, 3, 3, 3, 10, 3, 3, 3, 3, 3, 3, 3, 3, 3, 3, 3]"
195,21,0.7051952,0.11541880876764447,"[2, 2, 2, 2, 2, 2, 2, 2, 2, 2, 2, 2, 2, 7, 2, 2, 2, 2, 2, 2, 2, 2, 2, 14, 2, 2, 2, 2, 2, 2, 2, 2, 2, 5, 2, 2, 8, 2, 2, 2, 2, 2, 2, 2, 2, 2, 2, 2, 2, 2]"
195,22,0.9487922,0.981247758178892,"[3, 3, 3, 3, 3, 3, 11, 6, 3, 3, 3, 3, 3, 11, 3, 11, 3, 3, 3, 3, 3, 3, 11, 3, 3, 3, 3, 3, 3, 11, 3, 3, 3, 11, 3, 3, 3, 3, 3, 3, 3, 7, 3, 3, 11, 3, 3, 3, 3, 3]"
195,23,0.9489962,0.9984524312313421,"[12, 13, 13, 13, 12, 13, 12, 13, 13, 13, 13, 13, 13, 13, 13, 12, 12, 13, 13, 13, 13, 13, 13, 13, 13, 13, 13, 13, 13, 13, 13, 10, 13, 13, 13, 12, 13, 13, 12, 13, 13, 13, 13, 13, 13, 13, 13, 13, 13, 12]"
195,24,0.903978,0.7778941569811648,"[3, 2, 3, 7, 3, 3, 3, 3, 3, 3, 3, 3, 2, 3, 3, 3, 3, 3, 3, 15, 3, 3, 3, 3, 3, 3, 3, 3, 3, 3, 3, 3, 3, 2, 2, 3, 3, 2, 3, 3, 3, 3, 3, 3, 3, 3, 3, 3, 2, 3]"
195,25,0.9163602,0.9787784750910772,"[13, 12, 13, 13, 12, 12, 12, 12, 13, 7, 15, 12, 12, 12, 12, 13, 13, 13, 12, 13, 12, 12, 12, 12, 12, 12, 12, 13, 12, 10, 12, 12, 12, 12, 13, 12, 12, 15, 12, 12, 12, 12, 12, 12, 12, 12, 12, 12, 12, 15]"
195,26,0.8767792,0.9915069899111236,"[7, 7, 2, 7, 7, 2, 7, 7, 7, 7, 7, 2, 7, 7, 7, 7, 7, 7, 7, 7, 7, 7, 7, 8, 7, 7, 7, 7, 7, 7, 7, 7, 7, 7, 7, 7, 7, 7, 7, 7, 1, 7, 7, 7, 7, 7, 7, 7, 7, 7]"
195,27,0.9163846,0.9808069626768143,"[12, 12, 12, 12, 12, 12, 12, 12, 12, 12, 12, 12, 12, 12, 12, 12, 12, 12, 12, 12, 12, 12, 12, 12, 12, 12, 12, 12, 12, 12, 12, 12, 12, 12, 12, 12, 12, 12, 12, 12, 1, 12, 12, 12, 12, 12, 12, 12, 12, 12]"
195,28,0.882163,0.9562917580506872,"[3, 3, 3, 3, 3, 3, 3, 3, 9, 3, 3, 3, 3, 3, 3, 3, 3, 3, 3, 14, 3, 3, 3, 3, 3, 14, 3, 3, 3, 3, 3, 3, 3, 3, 3, 3, 9, 3, 3, 3, 3, 3, 3, 3, 3, 3, 3, 3, 3, 3]"
195,29,0.9482016,0.9653699043176007,"[3, 3, 3, 3, 3, 3, 7, 7, 3, 3, 3, 3, 3, 3, 7, 3, 3, 3, 3, 3, 3, 3, 3, 7, 3, 3, 3, 7, 3, 3, 3, 3, 3, 3, 7, 3, 3, 3, 3, 7, 7, 3, 7, 3, 3, 3, 3, 7, 9, 3]"
195,30,0.9132534,0.9991879518279312,"[12, 12, 12, 12, 14, 12, 12, 12, 12, 12, 12, 12, 12, 12, 12, 12, 3, 13, 12, 12, 12, 9, 14, 12, 12, 12, 12, 12, 12, 12, 12, 12, 12, 12, 14, 12, 12, 12, 14, 12, 12, 12, 14, 12, 12, 12, 12, 14, 12, 12]"
195,31,0.8850494,0.9409750652719305,"[3, 3, 5, 3, 3, 3, 3, 3, 3, 3, 3, 3, 3, 3, 3, 3, 3, 3, 3, 3, 3, 3, 3, 3, 3, 3, 3, 3, 3, 3, 3, 3, 3, 3, 3, 3, 3, 3, 3, 3, 0, 3, 3, 3, 3, 3, 3, 3, 3, 3]"
195,32,0.8850964,0.941876848063579,"[12, 12, 12, 12, 12, 12, 12, 12, 12, 12, 12, 12, 12, 12, 12, 12, 12, 12, 12, 12, 12, 12, 12, 12, 12, 12, 6, 12, 12, 12, 12, 12, 12, 12, 12, 12, 2, 12, 12, 12, 12, 12, 12, 12, 12, 12, 12, 12, 12, 12]"
195,33,0.9266336,0.8627325127551915,"[3, 14, 3, 3, 6, 3, 3, 3, 3, 3, 3, 3, 14, 3, 3, 3, 3, 6, 3, 3, 3, 6, 3, 3, 3, 3, 3, 3, 3, 3, 3, 3, 3, 3, 3, 3, 3, 3, 3, 3, 3, 14, 3, 3, 6, 3, 3, 3, 3, 3]"
195,34,0.884909,0.7329441891695037,"[3, 2, 2, 7, 3, 3, 7, 7, 2, 7, 2, 7, 7, 10, 7, 3, 7, 7, 7, 7, 7, 10, 7, 7, 11, 2, 2, 7, 2, 7, 3, 10, 7, 7, 7, 7, 7, 10, 10, 7, 7, 10, 7, 7, 7, 7, 2, 7, 7, 7]"
195,35,0.8024226,0.347333968490352,"[10, 8, 8, 8, 8, 8, 13, 8, 8, 13, 13, 13, 8, 8, 13, 8, 13, 8, 13, 8, 8, 13, 13, 8, 13, 8, 8, 8, 8, 8, 8, 8, 8, 10, 8, 8, 8, 8, 13, 8, 8, 8, 13, 13, 8, 8, 13, 13, 8, 8]"
195,36,0.9519182,0.9987550242664168,"[12, 12, 12, 12, 12, 12, 12, 12, 13, 12, 12, 12, 12, 12, 12, 12, 12, 12, 12, 12, 12, 12, 12, 12, 12, 12, 12, 12, 12, 12, 12, 12, 12, 12, 12, 12, 12, 12, 12, 12, 12, 12, 12, 12, 12, 12, 12, 12, 12, 12]"
195,37,0.9446962,0.9600641741399739,"[12, 12, 12, 12, 12, 12, 12, 12, 12, 12, 10, 12, 12, 12, 12, 12, 12, 12, 12, 12, 12, 10, 12, 12, 12, 12, 12, 12, 12, 12, 12, 12, 12, 12, 12, 12, 12, 12, 12, 12, 12, 12, 12, 12, 12, 12, 12, 12, 12, 12]"
195,38,0.9481192,0.9824103000406406,"[3, 3, 3, 7, 3, 3, 3, 3, 3, 3, 3, 3, 3, 3, 3, 3, 3, 3, 3, 3, 3, 15, 3, 3, 3, 3, 3, 3, 3, 3, 2, 3, 3, 3, 3, 3, 3, 3, 3, 3, 3, 3, 3, 3, 3, 3, 3, 3, 3, 3]"
195,39,0.9518272,0.9983100272450669,"[14, 12, 12, 12, 12, 12, 12, 12, 12, 12, 12, 12, 12, 13, 12, 12, 12, 12, 12, 12, 12, 12, 12, 12, 12, 12, 12, 12, 12, 12, 12, 12, 12, 12, 12, 14, 12, 12, 12, 12, 14, 12, 12, 12, 12, 14, 12, 12, 12, 12]"
195,40,0.9092062,0.980556253941635,"[3, 3, 3, 3, 3, 3, 3, 11, 11, 3, 8, 3, 3, 3, 3, 3, 3, 3, 3, 11, 3, 6, 3, 3, 3, 11, 3, 3, 3, 3, 3, 3, 3, 3, 3, 3, 3, 3, 3, 3, 3, 3, 2, 3, 3, 11, 3, 3, 3, 3]"
195,41,0.7573326,0.23395944206985397,"[3, 3, 7, 2, 3, 2, 2, 3, 2, 2, 2, 3, 2, 7, 2, 2, 2, 2, 3, 3, 2, 2, 3, 7, 2, 2, 3, 2, 2, 2, 2, 2, 2, 2, 2, 2, 2, 7, 7, 2, 2, 2, 2, 0, 2, 2, 2, 2, 2, 7]"
195,42,0.9101336,0.9847680620572152,"[13, 12, 15, 13, 13, 12, 15, 12, 13, 12, 13, 13, 10, 13, 12, 13, 13, 12, 13, 12, 13, 13, 13, 12, 12, 13, 13, 13, 5, 13, 10, 12, 13, 13, 13, 12, 13, 13, 10, 13, 13, 12, 13, 13, 12, 12, 13, 13, 13, 12]"
195,43,0.8866704,0.9376387567114781,"[3, 3, 3, 3, 11, 3, 3, 3, 3, 3, 3, 3, 3, 3, 3, 11, 3, 11, 12, 5, 3, 15, 3, 3, 3, 11, 3, 3, 3, 15, 3, 3, 11, 3, 3, 11, 3, 3, 15, 3, 3, 3, 3, 3, 3, 3, 3, 3, 3, 3]"
195,44,0.9485066,0.954970084181,"[3, 3, 3, 3, 3, 3, 3, 3, 3, 3, 3, 3, 11, 3, 3, 3, 3, 3, 3, 3, 3, 3, 3, 3, 3, 3, 3, 3, 3, 3, 3, 3, 3, 3, 3, 3, 3, 3, 3, 3, 3, 3, 3, 3, 3, 3, 3, 3, 3, 13]"
195,45,0.948871,0.9819050857479474,"[12, 12, 12, 12, 12, 12, 12, 12, 12, 9, 12, 12, 12, 12, 12, 12, 14, 12, 12, 12, 12, 12, 12, 12, 12, 12, 12, 12, 12, 12, 12, 14, 12, 12, 12, 14, 14, 12, 12, 12, 12, 14, 14, 12, 12, 12, 12, 12, 12, 14]"
195,46,0.9449526,0.9599477458106849,"[3, 3, 3, 3, 15, 3, 3, 15, 3, 3, 3, 3, 3, 3, 3, 3, 3, 3, 14, 3, 15, 3, 3, 14, 3, 3, 3, 3, 3, 3, 3, 3, 3, 3, 3, 3, 15, 3, 3, 3, 3, 3, 11, 3, 15, 3, 3, 3, 3, 15]"
195,47,0.764949,0.058973970669512245,"[2, 2, 2, 2, 2, 2, 2, 2, 2, 2, 2, 2, 2, 2, 2, 2, 2, 2, 2, 2, 2, 2, 2, 2, 2, 2, 2, 2, 2, 2, 2, 2, 7, 2, 2, 2, 2, 2, 2, 2, 2, 2, 11, 2, 2, 2, 2, 2, 2, 2]"
195,48,0.8874834,0.9367496551048818,"[1, 15, 3, 3, 3, 7, 15, 15, 15, 3, 3, 3, 3, 7, 15, 3, 3, 3, 3, 7, 3, 15, 3, 7, 3, 15, 3, 7, 3, 3, 3, 3, 3, 3, 3, 15, 3, 3, 15, 3, 15, 15, 3, 7, 15, 3, 3, 3, 7, 12]"
195,49,0.952015,0.9980728103561765,"[3, 3, 3, 3, 3, 3, 3, 3, 3, 3, 3, 3, 3, 3, 3, 3, 3, 3, 3, 3, 3, 3, 3, 3, 3, 3, 3, 3, 3, 3, 3, 3, 3, 3, 3, 3, 3, 3, 3, 3, 3, 3, 3, 3, 3, 3, 3, 3, 3, 3]"
195,50,0.951916,0.999843871634889,"[3, 3, 3, 3, 3, 3, 3, 3, 3, 3, 3, 3, 3, 3, 3, 3, 3, 3, 3, 3, 3, 3, 3, 3, 3, 3, 3, 3, 3, 3, 3, 3, 3, 3, 3, 3, 3, 3, 3, 3, 3, 3, 3, 3, 3, 3, 3, 3, 3, 3]"
243,1,0.1134842,0.17643802609603568,"[1, 1, 1, 1, 10, 1, 1, 1, 1, 1, 1, 1, 1, 1, 1, 1, 1, 1, 1, 1, 1, 1, 1, 1, 1, 1, 1, 1, 1, 1, 1, 1, 1, 1, 1, 1, 1, 1, 1, 1, 1, 1, 1, 1, 1, 1, 1, 1, 1, 1]"
243,2,0.8303882,0.6639992149426415,"[9, 9, 9, 12, 10, 9, 9, 9, 9, 9, 9, 9, 9, 10, 9, 9, 12, 10, 9, 9, 9, 9, 12, 9, 10, 10, 12, 9, 10, 9, 9, 9, 12, 9, 9, 9, 12, 9, 9, 9, 9, 9, 9, 9, 9, 9, 10, 12, 9, 10]"
243,3,0.7982764,0.4330976376345015,"[8, 9, 8, 8, 8, 8, 8, 8, 14, 9, 9, 9, 8, 8, 9, 8, 9, 12, 8, 9, 8, 8, 8, 9, 8, 8, 8, 8, 9, 9, 9, 14, 9, 8, 8, 8, 12, 9, 9, 8, 9, 9, 9, 9, 8, 8, 9, 8, 8, 8]"
243,4,0.3106498,0.3272067405783432,"[4, 4, 4, 4, 4, 15, 7, 15, 4, 15, 4, 4, 9, 4, 4, 4, 9, 4, 14, 4, 4, 4, 4, 4, 1, 4, 15, 4, 4, 7, 4, 4, 4, 15, 4, 4, 4, 4, 4, 4, 4, 15, 4, 4, 15, 4, 4, 4, 4, 4]"
243,5,0.1159472,0.3403456944729819,"[0, 0, 8, 0, 0, 8, 8, 0, 0, 0, 0, 8, 0, 0, 0, 0, 0, 0, 0, 0, 0, 0, 2, 0, 0, 0, 0, 0, 0, 0, 0, 0, 0, 8, 8, 0, 8, 0, 0, 0, 13, 0, 0, 0, 14, 0, 0, 0, 0, 0]"
243,6,0.1727532,0.6884604838183797,"[3, 0, 1, 1, 0, 14, 8, 0, 0, 1, 1, 1, 8, 3, 1, 1, 1, 1, 1, 0, 0, 1, 0, 1, 0, 0, 3, 1, 1, 1, 1, 6, 0, 0, 0, 0, 1, 3, 1, 3, 0, 3, 0, 0, 1, 15, 1, 0, 3, 1]"
243,7,0.8504602,0.6865982716198052,"[12, 12, 12, 12, 12, 12, 12, 12, 12, 12, 12, 12, 12, 10, 12, 12, 12, 12, 12, 12, 12, 12, 0, 12, 12, 12, 12, 10, 12, 12, 12, 12, 12, 12, 12, 12, 10, 12, 12, 12, 12, 12, 12, 12, 12, 10, 12, 12, 10, 12]"
243,8,0.0958704,0.12894381559068768,"[1, 3, 1, 1, 1, 1, 1, 1, 1, 1, 1, 1, 1, 1, 1, 1, 0, 0, 1, 1, 1, 1, 1, 1, 1, 1, 1, 1, 5, 1, 1, 1, 1, 1, 1, 1, 1, 1, 1, 1, 1, 1, 1, 1, 1, 1, 1, 1, 0, 1]"
243,9,0.9197422,0.9804256598969517,"[12, 12, 12, 11, 12, 12, 12, 12, 12, 12, 12, 12, 12, 12, 12, 12, 12, 12, 12, 12, 12, 12, 12, 15, 12, 12, 12, 12, 12, 12, 12, 12, 12, 12, 15, 12, 6, 12, 12, 12, 12, 12, 12, 12, 12, 12, 12, 12, 12, 12]"
243,10,0.9573074,0.9937576502763862,"[14, 13, 13, 13, 13, 13, 13, 13, 13, 13, 13, 13, 14, 13, 13, 13, 13, 13, 13, 14, 13, 13, 10, 13, 13, 14, 13, 13, 13, 13, 13, 13, 14, 13, 13, 13, 13, 13, 13, 13, 13, 13, 13, 14, 14, 13, 14, 13, 13, 13]"
243,11,0.0099984,0.9992641339375008,"[0, 0, 0, 0, 0, 0, 0, 0, 0, 0, 0, 0, 0, 0, 0, 0, 0, 0, 0, 0, 0, 0, 0, 0, 0, 0, 0, 0, 0, 0, 0, 0, 0, 0, 0, 0, 0, 0, 0, 0, 0, 0, 0, 0, 0, 0, 0, 0, 0, 0]"
243,12,0.9772668,0.994886911981052,"[14, 15, 15, 15, 15, 15, 14, 15, 15, 14, 14, 15, 15, 14, 15, 15, 15, 15, 15, 15, 15, 15, 14, 14, 15, 14, 15, 14, 14, 15, 15, 15, 12, 14, 14, 15, 14, 15, 15, 15, 15, 14, 15, 14, 15, 14, 14, 14, 15, 15]"
243,13,0.096864,0.13192783925288026,"[1, 1, 1, 1, 1, 1, 1, 1, 1, 1, 1, 1, 1, 1, 1, 1, 1, 1, 1, 1, 1, 1, 1, 1, 1, 1, 1, 1, 1, 1, 1, 1, 1, 1, 1, 1, 1, 1, 1, 1, 1, 1, 1, 1, 1, 1, 1, 1, 1, 1]"
243,14,0.956953,0.9792226339943944,"[13, 12, 13, 13, 13, 13, 12, 13, 12, 13, 13, 13, 13, 13, 13, 13, 12, 13, 13, 13, 13, 13, 12, 12, 13, 13, 13, 13, 13, 13, 13, 13, 13, 13, 13, 13, 13, 13, 13, 13, 13, 13, 13, 13, 13, 13, 13, 13, 13, 13]"
243,15,0.0458638,0.4242310623318718,"[0, 0, 0, 0, 0, 0, 0, 0, 0, 0, 0, 10, 0, 0, 0, 0, 0, 0, 0, 0, 0, 0, 0, 0, 0, 0, 0, 0, 0, 0, 0, 0, 0, 0, 0, 14, 0, 0, 0, 0, 0, 0, 0, 0, 0, 0, 0, 0, 0, 0]"
243,16,0.1704236,0.3030404113897066,"[1, 1, 1, 1, 1, 1, 1, 1, 1, 1, 1, 12, 1, 1, 1, 1, 1, 1, 1, 1, 9, 1, 1, 1, 1, 1, 5, 9, 8, 9, 1, 9, 1, 1, 12, 1, 9, 1, 1, 1, 0, 1, 1, 1, 0, 1, 1, 1, 1, 1]"
243,17,0.9464752,0.956919843516417,"[12, 8, 12, 12, 12, 12, 12, 14, 12, 12, 12, 14, 12, 12, 12, 12, 12, 12, 12, 12, 12, 12, 12, 10, 12, 12, 12, 12, 12, 12, 12, 12, 12, 12, 12, 12, 12, 12, 12, 12, 12, 12, 12, 12, 12, 12, 12, 12, 12, 12]"
243,18,0.8370224,0.8917315583385428,"[8, 9, 8, 9, 9, 8, 9, 9, 9, 11, 9, 9, 9, 9, 9, 9, 9, 9, 9, 9, 8, 8, 9, 9, 9, 9, 9, 9, 9, 9, 11, 15, 9, 9, 9, 9, 9, 9, 9, 9, 9, 9, 9, 9, 9, 9, 9, 9, 9, 1]"
243,19,0.8372716,0.9106279067232195,"[13, 9, 9, 9, 9, 12, 9, 9, 9, 9, 12, 9, 9, 9, 9, 9, 9, 8, 9, 8, 9, 9, 13, 9, 9, 8, 9, 9, 9, 9, 9, 9, 9, 9, 9, 9, 9, 9, 9, 9, 9, 9, 9, 15, 9, 9, 9, 9, 9, 9]"
243,20,0.9140432,0.9779565425099565,"[12, 12, 12, 12, 12, 12, 12, 0, 12, 12, 12, 12, 12, 12, 12, 12, 12, 12, 12, 12, 12, 12, 12, 12, 12, 14, 10, 12, 12, 12, 12, 12, 12, 12, 12, 14, 12, 14, 10, 12, 12, 12, 13, 12, 12, 12, 12, 12, 12, 12]"
243,21,0.3273642,0.4979621330255923,"[4, 4, 12, 0, 4, 12, 8, 8, 8, 12, 0, 4, 8, 7, 8, 0, 4, 4, 12, 4, 4, 6, 6, 14, 8, 0, 8, 12, 4, 4, 14, 8, 4, 5, 4, 4, 4, 4, 4, 8, 4, 4, 4, 4, 4, 4, 4, 12, 4, 4]"
243,22,0.948705,0.9746551597895219,"[12, 15, 15, 15, 12, 12, 15, 6, 15, 12, 15, 12, 15, 15, 15, 15, 15, 15, 12, 15, 12, 15, 15, 14, 12, 12, 14, 15, 12, 15, 15, 15, 12, 15, 15, 15, 15, 12, 15, 15, 15, 12, 15, 12, 15, 12, 15, 15, 12, 14]"
243,23,0.9495574,0.9839364001355178,"[12, 12, 12, 12, 12, 12, 12, 12, 12, 12, 12, 12, 12, 12, 12, 12, 12, 12, 12, 12, 12, 12, 12, 12, 12, 13, 12, 12, 13, 12, 13, 10, 13, 12, 12, 12, 12, 12, 12, 12, 12, 12, 12, 12, 12, 12, 12, 12, 12, 12]"
243,24,0.4416034,0.9219570039635262,"[3, 0, 3, 3, 3, 3, 3, 3, 3, 3, 2, 3, 3, 3, 3, 3, 0, 3, 3, 3, 3, 3, 3, 0, 3, 3, 3, 3, 3, 3, 3, 3, 3, 3, 0, 3, 3, 3, 3, 3, 2, 3, 3, 2, 0, 3, 3, 3, 3, 3]"
243,25,0.2845538,0.26846390394229547,"[4, 4, 4, 4, 4, 4, 4, 4, 5, 7, 15, 4, 4, 4, 4, 4, 4, 4, 4, 4, 4, 4, 4, 4, 4, 14, 4, 5, 4, 10, 14, 4, 2, 4, 11, 14, 4, 4, 4, 4, 4, 4, 4, 15, 4, 14, 4, 4, 4, 15]"
243,26,0.0934748,0.777971491533934,"[0, 0, 2, 0, 3, 2, 0, 0, 0, 0, 0, 2, 0, 0, 0, 0, 0, 0, 0, 0, 0, 0, 0, 8, 3, 0, 0, 0, 12, 0, 8, 0, 0, 3, 0, 0, 0, 0, 0, 0, 1, 0, 0, 0, 0, 0, 8, 0, 0, 0]"
243,27,0.0980148,0.12747093241039284,"[1, 1, 1, 1, 1, 1, 1, 1, 1, 1, 1, 1, 1, 1, 1, 1, 1, 1, 1, 1, 1, 1, 1, 1, 1, 1, 1, 1, 1, 1, 1, 5, 1, 1, 1, 1, 1, 1, 1, 1, 1, 1, 1, 1, 1, 1, 1, 1, 1, 1]"
243,28,0.9417084,0.8770315062500226,"[12, 14, 12, 14, 12, 12, 14, 9, 9, 12, 12, 14, 13, 12, 9, 13, 12, 12, 12, 14, 12, 12, 14, 12, 14, 14, 9, 12, 14, 12, 12, 14, 12, 14, 14, 14, 9, 12, 12, 14, 12, 14, 12, 9, 12, 14, 14, 12, 14, 12]"
243,29,0.9565678,0.995374716681369,"[12, 12, 12, 14, 12, 12, 14, 14, 12, 12, 12, 12, 12, 12, 12, 12, 12, 12, 12, 12, 12, 12, 12, 14, 12, 12, 12, 14, 12, 12, 12, 12, 12, 12, 14, 12, 12, 12, 12, 14, 14, 12, 14, 12, 12, 14, 12, 12, 12, 12]"
243,30,0.9212594,0.99141064445111,"[12, 12, 12, 12, 14, 12, 12, 12, 12, 14, 12, 12, 14, 12, 12, 12, 3, 13, 12, 12, 12, 9, 14, 12, 12, 12, 12, 12, 12, 12, 12, 12, 12, 12, 14, 12, 12, 14, 14, 12, 12, 12, 14, 12, 12, 12, 12, 14, 12, 12]"
243,31,0.073675,0.15189741368505058,"[0, 0, 5, 1, 1, 0, 1, 1, 0, 1, 0, 0, 0, 0, 1, 0, 0, 0, 1, 1, 1, 0, 0, 1, 1, 1, 0, 0, 1, 1, 1, 3, 1, 1, 1, 1, 0, 1, 1, 3, 0, 1, 1, 1, 1, 1, 0, 3, 0, 0]"
243,32,0.8625434,0.9359627166865051,"[12, 12, 12, 12, 12, 12, 12, 12, 12, 12, 12, 14, 12, 12, 12, 12, 12, 12, 12, 12, 12, 12, 12, 14, 12, 12, 6, 12, 12, 12, 12, 14, 14, 2, 12, 12, 2, 12, 12, 12, 12, 12, 12, 12, 12, 12, 12, 12, 12, 12]"
243,33,0.1140622,0.17012563605389172,"[1, 1, 1, 1, 1, 1, 1, 1, 1, 1, 1, 1, 1, 1, 1, 1, 1, 1, 1, 1, 1, 1, 1, 1, 1, 1, 1, 1, 1, 1, 1, 1, 1, 1, 1, 1, 1, 1, 1, 1, 1, 14, 1, 1, 1, 1, 1, 1, 1, 1]"
243,34,0.9495618,0.9303795806276216,"[13, 13, 13, 13, 13, 13, 13, 13, 13, 13, 14, 13, 13, 10, 13, 13, 14, 13, 13, 13, 13, 10, 14, 13, 13, 13, 13, 14, 13, 13, 13, 10, 14, 13, 13, 14, 14, 13, 14, 14, 13, 10, 13, 13, 13, 14, 13, 13, 14, 14]"
243,35,0.8765152,0.6300804061452077,"[10, 9, 13, 9, 9, 9, 13, 9, 13, 13, 13, 13, 13, 13, 13, 9, 13, 9, 13, 9, 9, 13, 13, 13, 13, 8, 9, 13, 9, 9, 13, 13, 9, 10, 9, 8, 9, 9, 13, 13, 13, 13, 9, 13, 9, 13, 13, 3, 13, 13]"
243,36,0.7737222,0.41462929014490796,"[14, 14, 8, 14, 8, 8, 8, 8, 13, 8, 8, 14, 14, 8, 14, 14, 14, 14, 14, 4, 8, 14, 1, 8, 8, 14, 14, 8, 8, 14, 8, 8, 14, 8, 14, 14, 14, 8, 8, 14, 8, 14, 14, 14, 4, 14, 14, 8, 8, 8]"
243,37,0.9482102,0.9750655525420766,"[13, 13, 13, 13, 12, 13, 13, 13, 13, 13, 10, 12, 12, 13, 13, 13, 12, 12, 12, 13, 13, 10, 12, 13, 12, 12, 13, 13, 13, 13, 12, 13, 12, 13, 12, 13, 13, 13, 12, 13, 12, 12, 12, 13, 13, 13, 12, 12, 12, 12]"
243,38,0.9215514,0.9836896652690272,"[13, 13, 13, 13, 13, 13, 13, 13, 13, 13, 13, 13, 13, 13, 13, 13, 13, 13, 13, 13, 13, 15, 13, 13, 13, 13, 13, 13, 13, 9, 2, 13, 13, 13, 13, 13, 13, 13, 13, 13, 13, 13, 13, 13, 13, 13, 13, 13, 13, 13]"
243,39,0.8398598,0.7717790623214348,"[14, 9, 9, 9, 9, 9, 9, 9, 9, 9, 9, 9, 9, 14, 9, 9, 9, 9, 9, 9, 9, 9, 9, 9, 9, 9, 9, 14, 13, 9, 9, 9, 9, 9, 9, 14, 9, 9, 9, 9, 14, 9, 13, 9, 9, 14, 9, 9, 9, 9]"
243,40,0.9038848,0.9132288036634553,"[12, 12, 12, 12, 12, 12, 12, 12, 11, 12, 8, 12, 12, 12, 12, 12, 12, 11, 12, 11, 12, 12, 12, 12, 12, 11, 12, 12, 12, 12, 12, 12, 12, 12, 12, 12, 12, 12, 12, 12, 12, 12, 2, 12, 12, 12, 12, 12, 12, 12]"
243,41,0.8399578,0.7918135980237849,"[14, 14, 9, 11, 14, 11, 9, 9, 9, 14, 9, 14, 9, 9, 9, 9, 9, 9, 14, 14, 9, 9, 14, 9, 9, 9, 14, 9, 9, 9, 9, 9, 9, 9, 11, 14, 14, 9, 9, 9, 9, 9, 11, 9, 9, 9, 9, 9, 9, 9]"
243,42,0.1073608,0.13641890998042913,"[1, 5, 1, 1, 5, 1, 5, 1, 1, 5, 1, 1, 0, 1, 1, 1, 1, 1, 0, 1, 1, 1, 1, 1, 1, 5, 1, 0, 5, 5, 11, 1, 0, 1, 1, 1, 0, 1, 1, 1, 0, 5, 0, 1, 5, 1, 1, 0, 1, 1]"
243,43,0.0970424,0.8879623185580827,"[0, 0, 0, 0, 0, 0, 0, 0, 3, 3, 0, 11, 0, 0, 0, 0, 0, 0, 12, 5, 0, 15, 0, 0, 0, 0, 0, 0, 0, 0, 0, 0, 11, 0, 0, 0, 0, 0, 0, 0, 0, 0, 0, 0, 0, 0, 0, 0, 0, 0]"
243,44,0.954348,0.9961814528238996,"[13, 13, 13, 13, 13, 13, 13, 13, 13, 13, 13, 13, 11, 13, 13, 13, 13, 13, 13, 13, 13, 13, 13, 13, 13, 13, 13, 13, 13, 13, 13, 13, 13, 13, 13, 13, 13, 13, 13, 13, 13, 13, 13, 13, 13, 13, 13, 13, 13, 13]"
243,45,0.9489164,0.9816515396088787,"[12, 12, 12, 12, 12, 12, 12, 12, 12, 9, 12, 12, 12, 12, 12, 12, 12, 12, 12, 12, 12, 12, 12, 12, 12, 12, 12, 12, 12, 12, 12, 12, 12, 12, 12, 12, 12, 12, 12, 12, 12, 12, 12, 12, 12, 12, 12, 12, 12, 12]"
243,46,0.9598748,0.9989530080506186,"[12, 14, 12, 12, 15, 12, 12, 15, 12, 12, 14, 12, 12, 12, 12, 12, 14, 12, 14, 12, 15, 12, 14, 14, 12, 12, 12, 12, 12, 12, 12, 15, 12, 12, 12, 12, 15, 12, 12, 14, 12, 12, 12, 12, 15, 12, 12, 12, 14, 15]"
243,47,0.6903528,0.25849501783597106,"[12, 8, 12, 8, 12, 8, 8, 0, 8, 4, 8, 8, 4, 12, 8, 12, 8, 8, 11, 8, 8, 8, 8, 8, 8, 12, 8, 8, 12, 8, 12, 8, 7, 8, 8, 8, 12, 8, 12, 8, 8, 8, 8, 12, 8, 12, 8, 8, 4, 8]"
243,48,0.144472,0.29388115470052456,"[1, 1, 1, 1, 1, 1, 1, 1, 1, 1, 1, 1, 1, 1, 1, 1, 1, 1, 1, 1, 1, 10, 1, 1, 1, 1, 1, 1, 1, 1, 1, 1, 1, 1, 1, 15, 1, 1, 15, 1, 1, 1, 1, 1, 1, 1, 1, 1, 1, 12]"
243,49,0.9668802,0.9988114716670009,"[15, 15, 15, 15, 15, 12, 12, 12, 15, 12, 15, 15, 15, 15, 12, 12, 15, 15, 12, 15, 12, 12, 15, 12, 15, 15, 12, 15, 12, 12, 15, 15, 12, 15, 12, 12, 12, 15, 12, 12, 12, 12, 15, 12, 15, 15, 12, 12, 15, 15]"
243,50,0.9484072,0.9798079967715826,"[12, 12, 12, 12, 12, 12, 12, 12, 12, 12, 12, 12, 12, 12, 12, 12, 12, 12, 12, 12, 12, 12, 12, 12, 12, 12, 12, 12, 12, 12, 12, 12, 12, 12, 12, 12, 12, 12, 12, 12, 12, 12, 12, 12, 8, 12, 12, 12, 12, 12]"
